CREATE DATABASE  IF NOT EXISTS `Bd_Hoteleria` /*!40100 DEFAULT CHARACTER SET utf8mb4 COLLATE utf8mb4_0900_ai_ci */ /*!80016 DEFAULT ENCRYPTION='N' */;
USE `Bd_Hoteleria`;
-- MySQL dump 10.13  Distrib 8.0.41, for Win64 (x86_64)
--
-- Host: switchback.proxy.rlwy.net    Database: Bd_Hoteleria
-- ------------------------------------------------------
-- Server version	9.4.0

/*!40101 SET @OLD_CHARACTER_SET_CLIENT=@@CHARACTER_SET_CLIENT */;
/*!40101 SET @OLD_CHARACTER_SET_RESULTS=@@CHARACTER_SET_RESULTS */;
/*!40101 SET @OLD_COLLATION_CONNECTION=@@COLLATION_CONNECTION */;
/*!50503 SET NAMES utf8 */;
/*!40103 SET @OLD_TIME_ZONE=@@TIME_ZONE */;
/*!40103 SET TIME_ZONE='+00:00' */;
/*!40014 SET @OLD_UNIQUE_CHECKS=@@UNIQUE_CHECKS, UNIQUE_CHECKS=0 */;
/*!40014 SET @OLD_FOREIGN_KEY_CHECKS=@@FOREIGN_KEY_CHECKS, FOREIGN_KEY_CHECKS=0 */;
/*!40101 SET @OLD_SQL_MODE=@@SQL_MODE, SQL_MODE='NO_AUTO_VALUE_ON_ZERO' */;
/*!40111 SET @OLD_SQL_NOTES=@@SQL_NOTES, SQL_NOTES=0 */;

--
-- Table structure for table `Tbl_Aplicacion`
--

DROP TABLE IF EXISTS `Tbl_Aplicacion`;
/*!40101 SET @saved_cs_client     = @@character_set_client */;
/*!50503 SET character_set_client = utf8mb4 */;
CREATE TABLE `Tbl_Aplicacion` (
  `Pk_Id_Aplicacion` int NOT NULL,
  `Fk_Id_Reporte_Aplicacion` int DEFAULT NULL,
  `Cmp_Nombre_Aplicacion` varchar(50) DEFAULT NULL,
  `Cmp_Descripcion_Aplicacion` varchar(50) DEFAULT NULL,
  `Cmp_Estado_Aplicacion` bit(1) NOT NULL,
  PRIMARY KEY (`Pk_Id_Aplicacion`),
  KEY `Fk_Aplicacion_Reporte` (`Fk_Id_Reporte_Aplicacion`),
  CONSTRAINT `Fk_Aplicacion_Reporte` FOREIGN KEY (`Fk_Id_Reporte_Aplicacion`) REFERENCES `Tbl_Reportes` (`Pk_Id_Reporte`)
) ENGINE=InnoDB DEFAULT CHARSET=utf8mb4 COLLATE=utf8mb4_0900_ai_ci;
/*!40101 SET character_set_client = @saved_cs_client */;

--
-- Dumping data for table `Tbl_Aplicacion`
--

LOCK TABLES `Tbl_Aplicacion` WRITE;
/*!40000 ALTER TABLE `Tbl_Aplicacion` DISABLE KEYS */;
INSERT INTO `Tbl_Aplicacion` VALUES (1,1,'Gestion de empleado','Se gestionan los empleados del hotel',_binary ''),(3,NULL,'Gestion De Empleados','prueba permisos',_binary ''),(5,NULL,'Administracion','Formularios de administracion',_binary ''),(9,NULL,'prueba','aaaaa',_binary ''),(10,NULL,'Cesar Estrada Correcto','Cesar Estrada Correcto',_binary ''),(12,NULL,'','',_binary ''),(22,NULL,'Administracion','a',_binary '\0'),(100,NULL,'Pruebaap','Prueba para MdA',_binary ''),(301,NULL,'Empleados','Control de empleados de la hoteleria',_binary ''),(302,NULL,'Usuarios','Control de usuarios de empleados',_binary ''),(303,NULL,'Perfiles','Perfiles que se asignan a usuarios',_binary ''),(304,NULL,'Modulos','Mantenimiento de modulos',_binary ''),(305,NULL,'Aplicacion','Mantenimiento de aplicaciones',_binary ''),(306,NULL,'Asig Aplicacion Usuario','Asigna permisos a usuarios',_binary ''),(307,NULL,'Asig aplicacion Perfil','Asigna permisos a perfiles',_binary ''),(308,NULL,'Asig Perfiles','Asigna los perfiles a usuarios',_binary ''),(309,NULL,'Bitacora','Da acceso a bitacora',_binary ''),(310,NULL,'Prueba25','prueba de estandar',_binary '');
/*!40000 ALTER TABLE `Tbl_Aplicacion` ENABLE KEYS */;
UNLOCK TABLES;

--
-- Table structure for table `Tbl_Asignacion_Modulo_Aplicacion`
--

DROP TABLE IF EXISTS `Tbl_Asignacion_Modulo_Aplicacion`;
/*!40101 SET @saved_cs_client     = @@character_set_client */;
/*!50503 SET character_set_client = utf8mb4 */;
CREATE TABLE `Tbl_Asignacion_Modulo_Aplicacion` (
  `Fk_Id_Modulo` int NOT NULL,
  `Fk_Id_Aplicacion` int NOT NULL,
  PRIMARY KEY (`Fk_Id_Modulo`,`Fk_Id_Aplicacion`),
  KEY `Fk_AsigAplicacion` (`Fk_Id_Aplicacion`),
  CONSTRAINT `Fk_AsigAplicacion` FOREIGN KEY (`Fk_Id_Aplicacion`) REFERENCES `Tbl_Aplicacion` (`Pk_Id_Aplicacion`),
  CONSTRAINT `Fk_AsigModulo` FOREIGN KEY (`Fk_Id_Modulo`) REFERENCES `Tbl_Modulo` (`Pk_Id_Modulo`)
) ENGINE=InnoDB DEFAULT CHARSET=utf8mb4 COLLATE=utf8mb4_0900_ai_ci;
/*!40101 SET character_set_client = @saved_cs_client */;

--
-- Dumping data for table `Tbl_Asignacion_Modulo_Aplicacion`
--

LOCK TABLES `Tbl_Asignacion_Modulo_Aplicacion` WRITE;
/*!40000 ALTER TABLE `Tbl_Asignacion_Modulo_Aplicacion` DISABLE KEYS */;
INSERT INTO `Tbl_Asignacion_Modulo_Aplicacion` VALUES (2,1),(3,3),(2,5),(9,9),(1,10),(5,12),(4,22),(96,100),(4,301),(4,302),(4,303),(4,304),(4,305),(4,306),(4,307),(4,308),(4,309),(1,310);
/*!40000 ALTER TABLE `Tbl_Asignacion_Modulo_Aplicacion` ENABLE KEYS */;
UNLOCK TABLES;

--
-- Table structure for table `Tbl_Asignar_Perfil_Cliente`
--

DROP TABLE IF EXISTS `Tbl_Asignar_Perfil_Cliente`;
/*!40101 SET @saved_cs_client     = @@character_set_client */;
/*!50503 SET character_set_client = utf8mb4 */;
CREATE TABLE `Tbl_Asignar_Perfil_Cliente` (
  `Fk_Id_Perfil` int NOT NULL,
  `Fk_Id_Cliente` int NOT NULL,
  PRIMARY KEY (`Fk_Id_Perfil`,`Fk_Id_Cliente`),
  KEY `Fk_AsigCliente` (`Fk_Id_Cliente`),
  CONSTRAINT `Fk_AsigCliente` FOREIGN KEY (`Fk_Id_Cliente`) REFERENCES `Tbl_Cliente` (`Pk_Id_Cliente`),
  CONSTRAINT `Fk_AsigPerfil` FOREIGN KEY (`Fk_Id_Perfil`) REFERENCES `Tbl_Perfil` (`Pk_Id_Perfil`)
) ENGINE=InnoDB DEFAULT CHARSET=utf8mb4 COLLATE=utf8mb4_0900_ai_ci;
/*!40101 SET character_set_client = @saved_cs_client */;

--
-- Dumping data for table `Tbl_Asignar_Perfil_Cliente`
--

LOCK TABLES `Tbl_Asignar_Perfil_Cliente` WRITE;
/*!40000 ALTER TABLE `Tbl_Asignar_Perfil_Cliente` DISABLE KEYS */;
/*!40000 ALTER TABLE `Tbl_Asignar_Perfil_Cliente` ENABLE KEYS */;
UNLOCK TABLES;

--
-- Table structure for table `Tbl_Bitacora`
--

DROP TABLE IF EXISTS `Tbl_Bitacora`;
/*!40101 SET @saved_cs_client     = @@character_set_client */;
/*!50503 SET character_set_client = utf8mb4 */;
CREATE TABLE `Tbl_Bitacora` (
  `Pk_Id_Bitacora` int NOT NULL AUTO_INCREMENT,
  `Fk_Id_Usuario` int DEFAULT NULL,
  `Fk_Id_Aplicacion` int DEFAULT NULL,
  `Cmp_Fecha` datetime DEFAULT NULL,
  `Cmp_Accion` varchar(50) DEFAULT NULL,
  `Cmp_Ip` varchar(50) DEFAULT NULL,
  `Cmp_Nombre_Pc` varchar(50) DEFAULT NULL,
  `Cmp_Login_Estado` bit(1) DEFAULT NULL,
  PRIMARY KEY (`Pk_Id_Bitacora`),
  KEY `Fk_Bitacora_Usuario` (`Fk_Id_Usuario`),
  KEY `Fk_Bitacora_Aplicacion` (`Fk_Id_Aplicacion`),
  CONSTRAINT `Fk_Bitacora_Aplicacion` FOREIGN KEY (`Fk_Id_Aplicacion`) REFERENCES `Tbl_Aplicacion` (`Pk_Id_Aplicacion`) ON DELETE SET NULL ON UPDATE CASCADE,
  CONSTRAINT `Fk_Bitacora_Usuario` FOREIGN KEY (`Fk_Id_Usuario`) REFERENCES `Tbl_Usuario` (`Pk_Id_Usuario`)
) ENGINE=InnoDB AUTO_INCREMENT=2344 DEFAULT CHARSET=utf8mb4 COLLATE=utf8mb4_0900_ai_ci;
/*!40101 SET character_set_client = @saved_cs_client */;

--
-- Dumping data for table `Tbl_Bitacora`
--

LOCK TABLES `Tbl_Bitacora` WRITE;
/*!40000 ALTER TABLE `Tbl_Bitacora` DISABLE KEYS */;
INSERT INTO `Tbl_Bitacora` VALUES (1,2,NULL,'2025-09-21 18:24:42','Recuperar contraseña','192.168.137.1','COMPU_CESAR',_binary ''),(2,1,NULL,'2025-09-21 18:32:18','Recuperar contraseña','192.168.137.1','COMPU_CESAR',_binary ''),(3,2,NULL,'2025-09-21 18:49:08','Ingreso','192.168.137.1','COMPU_CESAR',_binary ''),(4,2,NULL,'2025-09-21 18:53:27','Ingreso','192.168.137.1','COMPU_CESAR',_binary ''),(5,2,NULL,'2025-09-21 18:57:27','Ingreso','192.168.137.1','COMPU_CESAR',_binary ''),(6,2,NULL,'2025-09-21 19:07:36','Ingreso','192.168.137.1','COMPU_CESAR',_binary ''),(7,2,1,'2025-09-21 19:11:32','Guardar aplicación','192.168.137.1','COMPU_CESAR',_binary ''),(8,2,NULL,'2025-09-21 20:35:07','Ingreso','192.168.1.11','DAVID',_binary ''),(9,2,NULL,'2025-09-21 20:36:04','Ingreso','192.168.1.11','DAVID',_binary ''),(10,2,NULL,'2025-09-21 20:41:25','Ingreso','192.168.1.11','DAVID',_binary ''),(11,2,NULL,'2025-09-21 20:42:43','Cierre de sesión','192.168.1.11','DAVID',_binary '\0'),(12,2,NULL,'2025-09-21 20:48:00','Ingreso','192.168.56.1','DESKTOP-01DDSQ2',_binary ''),(13,2,NULL,'2025-09-21 20:48:59','Ingreso','192.168.56.1','DESKTOP-01DDSQ2',_binary ''),(14,2,1,'2025-09-21 20:49:56','Guardar usuario','192.168.56.1','DESKTOP-01DDSQ2',_binary ''),(15,4,NULL,'2025-09-21 20:50:23','Ingreso','192.168.56.1','DESKTOP-01DDSQ2',_binary ''),(16,4,NULL,'2025-09-21 20:58:22','Ingreso','192.168.56.1','DESKTOP-01DDSQ2',_binary ''),(17,4,1,'2025-09-21 20:58:45','Guardar perfil','192.168.56.1','DESKTOP-01DDSQ2',_binary ''),(18,4,NULL,'2025-09-21 21:23:06','Ingreso','192.168.56.1','DESKTOP-01DDSQ2',_binary ''),(19,4,1,'2025-09-21 21:23:50','Asignación Perfil a Usuario - Agregar','192.168.56.1','DESKTOP-01DDSQ2',_binary ''),(20,4,NULL,'2025-09-21 21:25:09','Ingreso','192.168.56.1','DESKTOP-01DDSQ2',_binary ''),(21,4,1,'2025-09-21 21:25:25','Asignación Perfil a Usuario - Agregar','192.168.56.1','DESKTOP-01DDSQ2',_binary ''),(22,4,1,'2025-09-21 21:25:37','Asignación Perfil a Usuario - Agregar','192.168.56.1','DESKTOP-01DDSQ2',_binary ''),(23,4,NULL,'2025-09-21 21:32:08','Ingreso','192.168.56.1','DESKTOP-01DDSQ2',_binary ''),(24,4,1,'2025-09-21 21:32:54','Asignación Perfil a Usuario - Agregar','192.168.56.1','DESKTOP-01DDSQ2',_binary ''),(25,4,NULL,'2025-09-21 21:37:45','Ingreso','192.168.56.1','DESKTOP-01DDSQ2',_binary ''),(26,4,1,'2025-09-21 21:38:08','Asignación Perfil a Usuario - Agregar','192.168.56.1','DESKTOP-01DDSQ2',_binary ''),(27,4,NULL,'2025-09-21 21:47:22','Ingreso','192.168.56.1','DESKTOP-01DDSQ2',_binary ''),(28,4,1,'2025-09-21 21:47:40','Asignación Perfil a Usuario - Agregar','192.168.56.1','DESKTOP-01DDSQ2',_binary ''),(29,4,NULL,'2025-09-21 21:52:07','Ingreso','192.168.56.1','DESKTOP-01DDSQ2',_binary ''),(30,4,1,'2025-09-21 21:52:23','Asignación Perfil a Usuario - Agregar','192.168.56.1','DESKTOP-01DDSQ2',_binary ''),(31,4,1,'2025-09-21 21:52:31','Asignación Perfil a Uusario - Guardar','192.168.56.1','DESKTOP-01DDSQ2',_binary ''),(32,4,NULL,'2025-09-21 22:06:01','Ingreso','192.168.56.1','DESKTOP-01DDSQ2',_binary ''),(33,4,1,'2025-09-21 22:06:30','Asignación Permisos Perfil - Agregar','192.168.56.1','DESKTOP-01DDSQ2',_binary ''),(34,4,1,'2025-09-21 22:06:43','Asignación aplicación a perfil - insertar','192.168.56.1','DESKTOP-01DDSQ2',_binary ''),(35,2,NULL,'2025-09-22 07:04:27','Ingreso','192.168.137.1','COMPU_CESAR',_binary ''),(36,4,NULL,'2025-09-22 08:06:20','Ingreso','192.168.56.1','DESKTOP-01DDSQ2',_binary ''),(37,2,NULL,'2025-09-22 08:45:45','Ingreso','192.168.178.223','DOMITS',_binary ''),(38,2,NULL,'2025-09-22 08:46:15','Ingreso','192.168.178.223','DOMITS',_binary ''),(39,2,NULL,'2025-09-22 08:51:41','Ingreso','192.168.178.223','DOMITS',_binary ''),(40,4,NULL,'2025-09-22 08:55:22','Ingreso','172.20.10.3','BELY',_binary ''),(41,4,1,'2025-09-22 08:56:33','Guardar usuario','172.20.10.3','BELY',_binary ''),(42,4,NULL,'2025-09-22 08:56:36','Cierre de sesión','172.20.10.3','BELY',_binary '\0'),(43,4,NULL,'2025-09-22 08:57:04','Cierre de sesión','172.20.10.3','BELY',_binary '\0'),(44,5,NULL,'2025-09-22 08:57:21','Ingreso','172.20.10.3','BELY',_binary ''),(45,5,NULL,'2025-09-22 09:18:25','Ingreso','172.20.10.3','BELY',_binary ''),(46,5,NULL,'2025-09-22 09:26:33','Ingreso','172.20.10.3','BELY',_binary ''),(47,5,NULL,'2025-09-22 09:31:57','Ingreso','172.20.10.3','BELY',_binary ''),(48,5,NULL,'2025-09-22 09:58:13','Ingreso','172.20.10.3','BELY',_binary ''),(49,2,NULL,'2025-09-22 10:06:48','Ingreso','192.168.140.58','RICARDO',_binary ''),(50,2,1,'2025-09-22 10:09:36','Guardar módulo','192.168.140.58','RICARDO',_binary ''),(51,2,NULL,'2025-09-22 10:11:06','Ingreso','192.168.140.58','RICARDO',_binary ''),(52,4,NULL,'2025-09-22 10:33:23','Ingreso','172.20.10.3','BELY',_binary ''),(53,2,NULL,'2025-09-22 10:44:04','Ingreso','192.168.56.1','DESKTOP-6VKCMBO',_binary ''),(54,2,NULL,'2025-09-22 10:52:24','Ingreso','192.168.56.1','DESKTOP-6VKCMBO',_binary ''),(55,2,NULL,'2025-09-22 10:54:03','Ingreso','192.168.56.1','DESKTOP-6VKCMBO',_binary ''),(56,2,NULL,'2025-09-22 10:55:10','Ingreso','192.168.56.1','DESKTOP-6VKCMBO',_binary ''),(57,5,NULL,'2025-09-22 11:01:14','Ingreso','172.20.10.3','BELY',_binary ''),(58,5,NULL,'2025-09-22 11:02:54','Ingreso','172.20.10.3','BELY',_binary ''),(59,5,NULL,'2025-09-22 11:03:32','Ingreso','172.20.10.3','BELY',_binary ''),(60,2,NULL,'2025-09-22 11:05:27','Ingreso','192.168.56.1','DESKTOP-6VKCMBO',_binary ''),(61,4,NULL,'2025-09-22 11:08:52','Ingreso','192.168.56.1','DESKTOP-01DDSQ2',_binary ''),(62,5,NULL,'2025-09-22 11:12:49','Ingreso','172.20.10.3','BELY',_binary ''),(63,5,NULL,'2025-09-22 11:19:11','Ingreso','172.20.10.3','BELY',_binary ''),(64,5,NULL,'2025-09-22 11:24:29','Ingreso','172.20.10.3','BELY',_binary ''),(65,5,NULL,'2025-09-22 11:32:01','Ingreso','172.20.10.3','BELY',_binary ''),(66,5,NULL,'2025-09-22 11:37:59','Ingreso','172.20.10.3','BELY',_binary ''),(67,5,NULL,'2025-09-22 11:46:52','Ingreso','172.20.10.3','BELY',_binary ''),(68,5,NULL,'2025-09-22 11:48:45','Ingreso','172.20.10.3','BELY',_binary ''),(69,5,NULL,'2025-09-22 11:55:54','Ingreso','172.20.10.3','BELY',_binary ''),(70,4,NULL,'2025-09-22 12:05:00','Ingreso','192.168.56.1','DESKTOP-01DDSQ2',_binary ''),(71,2,NULL,'2025-09-22 16:00:30','Ingreso','192.168.56.1','DESKTOP-6VKCMBO',_binary ''),(72,2,NULL,'2025-09-22 16:02:24','Ingreso','192.168.56.1','DESKTOP-6VKCMBO',_binary ''),(73,2,NULL,'2025-09-22 17:56:01','Ingreso','192.168.56.1','DESKTOP-6VKCMBO',_binary ''),(74,2,NULL,'2025-09-22 17:57:46','Ingreso','192.168.56.1','DESKTOP-6VKCMBO',_binary ''),(75,2,1,'2025-09-22 17:58:16','Asignación Perfil a Usuario - Agregar','192.168.56.1','DESKTOP-6VKCMBO',_binary ''),(76,2,NULL,'2025-09-22 17:59:03','Ingreso','192.168.56.1','DESKTOP-6VKCMBO',_binary ''),(77,2,NULL,'2025-09-22 18:21:48','Ingreso','192.168.137.1','COMPU_CESAR',_binary ''),(78,2,1,'2025-09-22 18:22:17','Asignación Aplicación a Usuario - Agregar','192.168.137.1','COMPU_CESAR',_binary ''),(79,2,NULL,'2025-09-22 18:30:31','Ingreso','192.168.56.1','DESKTOP-6VKCMBO',_binary ''),(80,4,NULL,'2025-09-22 18:31:12','Ingreso','192.168.56.1','DESKTOP-01DDSQ2',_binary ''),(81,4,1,'2025-09-22 18:31:35','Guardar usuario','192.168.56.1','DESKTOP-01DDSQ2',_binary ''),(82,2,NULL,'2025-09-22 18:32:56','Ingreso','192.168.137.1','COMPU_CESAR',_binary ''),(83,4,1,'2025-09-22 18:32:52','Guardar módulo','192.168.56.1','DESKTOP-01DDSQ2',_binary ''),(84,2,1,'2025-09-22 18:33:22','Asignación Aplicación a Usuario - Agregar','192.168.137.1','COMPU_CESAR',_binary ''),(85,2,1,'2025-09-22 18:33:40','Asignación Aplicación a Usuario - Insertar','192.168.137.1','COMPU_CESAR',_binary ''),(86,4,1,'2025-09-22 18:33:35','Asignación Aplicación a Usuario - Agregar','192.168.56.1','DESKTOP-01DDSQ2',_binary ''),(87,2,NULL,'2025-09-22 18:34:06','Cierre de sesión','192.168.137.1','COMPU_CESAR',_binary '\0'),(88,2,NULL,'2025-09-22 18:34:27','Ingreso','192.168.137.1','COMPU_CESAR',_binary ''),(89,4,NULL,'2025-09-22 18:34:53','Ingreso','192.168.56.1','DESKTOP-01DDSQ2',_binary ''),(90,4,1,'2025-09-22 18:35:19','Asignación Aplicación a Usuario - Agregar','192.168.56.1','DESKTOP-01DDSQ2',_binary ''),(91,4,NULL,'2025-09-22 18:37:01','Ingreso','192.168.56.1','DESKTOP-01DDSQ2',_binary ''),(92,4,1,'2025-09-22 18:37:24','Guardar usuario','192.168.56.1','DESKTOP-01DDSQ2',_binary ''),(93,2,NULL,'2025-09-22 18:37:30','Ingreso','192.168.1.7','RICARDO',_binary ''),(94,2,NULL,'2025-09-22 18:40:10','Cierre de sesión','192.168.1.7','RICARDO',_binary '\0'),(95,7,NULL,'2025-09-22 18:41:58','Ingreso','192.168.56.1','DESKTOP-6VKCMBO',_binary ''),(96,4,NULL,'2025-09-22 18:48:11','Ingreso','192.168.56.1','DESKTOP-01DDSQ2',_binary ''),(97,4,1,'2025-09-22 18:48:31','Asignación Aplicación a Usuario - Agregar','192.168.56.1','DESKTOP-01DDSQ2',_binary ''),(98,4,1,'2025-09-22 18:48:46','Asignación Aplicación a Usuario - Insertar','192.168.56.1','DESKTOP-01DDSQ2',_binary ''),(99,4,NULL,'2025-09-22 18:49:10','Cierre de sesión','192.168.56.1','DESKTOP-01DDSQ2',_binary '\0'),(100,6,NULL,'2025-09-22 18:51:05','Ingreso','192.168.56.1','DESKTOP-01DDSQ2',_binary ''),(101,6,NULL,'2025-09-22 18:52:23','Ingreso','192.168.56.1','DESKTOP-01DDSQ2',_binary ''),(102,6,1,'2025-09-22 18:52:47','Guardar usuario','192.168.56.1','DESKTOP-01DDSQ2',_binary ''),(103,6,1,'2025-09-22 18:53:05','Asignación Aplicación a Usuario - Agregar','192.168.56.1','DESKTOP-01DDSQ2',_binary ''),(104,6,1,'2025-09-22 18:53:34','Asignación Aplicación a Usuario - Insertar','192.168.56.1','DESKTOP-01DDSQ2',_binary ''),(105,6,1,'2025-09-22 18:53:47','Asignación Aplicación a Usuario - Agregar','192.168.56.1','DESKTOP-01DDSQ2',_binary ''),(106,6,1,'2025-09-22 18:54:00','Asignación Aplicación a Usuario - Insertar','192.168.56.1','DESKTOP-01DDSQ2',_binary ''),(107,2,NULL,'2025-09-22 19:01:27','Ingreso','192.168.1.7','RICARDO',_binary ''),(108,2,NULL,'2025-09-22 19:06:06','Ingreso','192.168.1.7','RICARDO',_binary ''),(109,4,NULL,'2025-09-22 19:07:07','Ingreso','192.168.56.1','DESKTOP-01DDSQ2',_binary ''),(110,2,NULL,'2025-09-22 19:07:11','Ingreso','192.168.1.7','RICARDO',_binary ''),(111,2,NULL,'2025-09-22 19:14:04','Ingreso','192.168.1.7','RICARDO',_binary ''),(112,4,NULL,'2025-09-22 19:14:13','Ingreso','192.168.56.1','DESKTOP-01DDSQ2',_binary ''),(113,4,1,'2025-09-22 19:14:38','Asignación Aplicación a Usuario - Agregar','192.168.56.1','DESKTOP-01DDSQ2',_binary ''),(114,2,NULL,'2025-09-22 19:15:20','Cierre de sesión','192.168.1.7','RICARDO',_binary '\0'),(115,2,NULL,'2025-09-22 19:28:05','Ingreso','192.168.1.7','RICARDO',_binary ''),(116,2,NULL,'2025-09-22 19:28:25','Cierre de sesión','192.168.1.7','RICARDO',_binary '\0'),(117,2,NULL,'2025-09-22 19:35:52','Ingreso','192.168.1.7','RICARDO',_binary ''),(118,2,NULL,'2025-09-22 19:36:22','Cierre de sesión','192.168.1.7','RICARDO',_binary '\0'),(119,2,NULL,'2025-09-22 20:59:24','Ingreso','192.168.1.4','LAPTOP-6C415UB3',_binary ''),(120,2,1,'2025-09-22 20:59:50','Guardar usuario','192.168.1.4','LAPTOP-6C415UB3',_binary ''),(121,2,NULL,'2025-09-22 21:05:57','Ingreso','192.168.1.4','LAPTOP-6C415UB3',_binary ''),(122,2,NULL,'2025-09-22 21:16:14','Ingreso','192.168.137.1','COMPU_CESAR',_binary ''),(123,2,1,'2025-09-22 21:16:49','Asignación Aplicación a Usuario - Agregar','192.168.137.1','COMPU_CESAR',_binary ''),(124,2,1,'2025-09-22 21:17:03','Asignación Aplicación a Usuario - Insertar','192.168.137.1','COMPU_CESAR',_binary ''),(125,2,NULL,'2025-09-22 21:22:44','Ingreso','192.168.1.4','LAPTOP-6C415UB3',_binary ''),(126,2,NULL,'2025-09-22 21:23:45','Ingreso','192.168.137.1','COMPU_CESAR',_binary ''),(127,2,NULL,'2025-09-22 21:31:13','Ingreso','192.168.1.4','LAPTOP-6C415UB3',_binary ''),(128,2,NULL,'2025-09-22 21:40:54','Ingreso','192.168.1.4','LAPTOP-6C415UB3',_binary ''),(129,2,1,'2025-09-22 21:41:37','Asignación Aplicación a Usuario - Agregar','192.168.1.4','LAPTOP-6C415UB3',_binary ''),(130,2,1,'2025-09-22 21:41:46','Asignación Aplicación a Usuario - Actualizar','192.168.1.4','LAPTOP-6C415UB3',_binary ''),(131,2,1,'2025-09-22 21:43:52','Asignación Aplicación a Usuario - Agregar','192.168.1.4','LAPTOP-6C415UB3',_binary ''),(132,2,1,'2025-09-22 21:44:14','Asignación Aplicación a Usuario - Actualizar','192.168.1.4','LAPTOP-6C415UB3',_binary ''),(133,2,NULL,'2025-09-22 21:52:31','Ingreso','192.168.1.4','LAPTOP-6C415UB3',_binary ''),(134,2,NULL,'2025-09-22 21:53:37','Ingreso','192.168.137.1','COMPU_CESAR',_binary ''),(135,2,1,'2025-09-22 21:53:41','Asignación Aplicación a Usuario - Actualizar','192.168.1.4','LAPTOP-6C415UB3',_binary ''),(136,2,NULL,'2025-09-22 22:00:19','Ingreso','192.168.1.4','LAPTOP-6C415UB3',_binary ''),(137,2,NULL,'2025-09-22 22:18:59','Ingreso','192.168.137.1','COMPU_CESAR',_binary ''),(138,2,NULL,'2025-09-22 22:29:15','Ingreso','192.168.1.4','LAPTOP-6C415UB3',_binary ''),(139,2,NULL,'2025-09-22 22:30:45','Ingreso','192.168.1.4','LAPTOP-6C415UB3',_binary ''),(140,2,NULL,'2025-09-22 22:34:35','Ingreso','192.168.1.4','LAPTOP-6C415UB3',_binary ''),(141,2,NULL,'2025-09-22 22:35:20','Ingreso','192.168.137.1','COMPU_CESAR',_binary ''),(142,2,NULL,'2025-09-23 07:15:08','Ingreso','192.168.137.1','COMPU_CESAR',_binary ''),(143,2,NULL,'2025-09-23 07:15:42','Cierre de sesión','192.168.137.1','COMPU_CESAR',_binary '\0'),(144,2,NULL,'2025-09-23 07:15:57','Ingreso','192.168.137.1','COMPU_CESAR',_binary ''),(145,2,NULL,'2025-09-23 07:40:30','Ingreso','192.168.137.1','COMPU_CESAR',_binary ''),(146,2,1,'2025-09-23 07:42:48','Guardar usuario','192.168.137.1','COMPU_CESAR',_binary ''),(147,10,NULL,'2025-09-23 07:44:03','Ingreso','192.168.137.1','COMPU_CESAR',_binary ''),(148,10,1,'2025-09-23 07:48:12','Asignación Aplicación a Usuario - Agregar','192.168.137.1','COMPU_CESAR',_binary ''),(149,10,NULL,'2025-09-23 07:52:58','Ingreso','192.168.137.1','COMPU_CESAR',_binary ''),(150,10,NULL,'2025-09-23 07:54:15','Cierre de sesión','192.168.137.1','COMPU_CESAR',_binary '\0'),(151,2,NULL,'2025-09-23 07:54:50','Ingreso','192.168.137.1','COMPU_CESAR',_binary ''),(152,2,1,'2025-09-23 07:55:11','Asignación Permisos Perfil - Agregar','192.168.137.1','COMPU_CESAR',_binary ''),(153,2,1,'2025-09-23 07:55:25','Asignación aplicación a perfil - Insertar','192.168.137.1','COMPU_CESAR',_binary ''),(154,2,1,'2025-09-23 07:57:12','Asignación Aplicación a Usuario - Actualizar','192.168.137.1','COMPU_CESAR',_binary ''),(155,2,NULL,'2025-09-23 07:59:21','Cierre de sesión','192.168.137.1','COMPU_CESAR',_binary '\0'),(156,4,NULL,'2025-09-23 08:11:09','Ingreso','192.168.56.1','DESKTOP-01DDSQ2',_binary ''),(157,4,1,'2025-09-23 08:11:53','Guardar módulo','192.168.56.1','DESKTOP-01DDSQ2',_binary ''),(158,4,1,'2025-09-23 08:12:55','Modificar aplicación','192.168.56.1','DESKTOP-01DDSQ2',_binary ''),(159,4,NULL,'2025-09-23 08:13:24','Asignación Aplicación a Usuario - Agregar','192.168.56.1','DESKTOP-01DDSQ2',_binary ''),(160,4,NULL,'2025-09-23 08:13:41','Asignación Aplicación a Usuario - Insertar','192.168.56.1','DESKTOP-01DDSQ2',_binary ''),(161,4,NULL,'2025-09-23 08:13:45','Cierre de sesión','192.168.56.1','DESKTOP-01DDSQ2',_binary '\0'),(162,4,NULL,'2025-09-23 08:14:23','Ingreso','192.168.56.1','DESKTOP-01DDSQ2',_binary ''),(163,2,NULL,'2025-09-23 08:20:09','Ingreso','192.168.56.1','DESKTOP-6VKCMBO',_binary ''),(164,2,NULL,'2025-09-23 08:20:23','Asignación Aplicación a Usuario - Agregar','192.168.56.1','DESKTOP-6VKCMBO',_binary ''),(165,2,NULL,'2025-09-23 08:20:37','Asignación Aplicación a Usuario - Insertar','192.168.56.1','DESKTOP-6VKCMBO',_binary ''),(166,4,NULL,'2025-09-23 08:22:37','Ingreso','192.168.56.1','DESKTOP-01DDSQ2',_binary ''),(167,5,NULL,'2025-09-23 08:23:14','Ingreso','192.168.133.128','DAVID',_binary ''),(168,4,NULL,'2025-09-23 08:25:09','Ingreso','192.168.56.1','DESKTOP-01DDSQ2',_binary ''),(169,5,NULL,'2025-09-23 08:27:23','Ingreso','192.168.133.128','DAVID',_binary ''),(170,4,1,'2025-09-23 08:37:19','Modificar aplicación','192.168.56.1','DESKTOP-01DDSQ2',_binary ''),(171,4,3,'2025-09-23 08:37:40','Asignación Aplicación a Usuario - Agregar','192.168.56.1','DESKTOP-01DDSQ2',_binary ''),(172,4,3,'2025-09-23 08:38:01','Asignación Aplicación a Usuario - Insertar','192.168.56.1','DESKTOP-01DDSQ2',_binary ''),(173,4,NULL,'2025-09-23 08:40:04','Ingreso','192.168.56.1','DESKTOP-01DDSQ2',_binary ''),(174,4,NULL,'2025-09-23 08:43:10','Ingreso','192.168.56.1','DESKTOP-01DDSQ2',_binary ''),(175,4,NULL,'2025-09-23 08:51:20','Ingreso','192.168.56.1','DESKTOP-01DDSQ2',_binary ''),(176,4,NULL,'2025-09-23 08:54:13','Ingreso','192.168.56.1','DESKTOP-01DDSQ2',_binary ''),(177,4,1,'2025-09-23 08:55:25','Guardar módulo','192.168.56.1','DESKTOP-01DDSQ2',_binary ''),(178,4,1,'2025-09-23 08:56:32','Modificar aplicación','192.168.56.1','DESKTOP-01DDSQ2',_binary ''),(179,4,NULL,'2025-09-23 08:57:25','Ingreso','192.168.56.1','DESKTOP-01DDSQ2',_binary ''),(180,4,NULL,'2025-09-23 08:57:42','Asignación Aplicación a Usuario - Agregar','192.168.56.1','DESKTOP-01DDSQ2',_binary ''),(181,4,NULL,'2025-09-23 08:58:05','Asignación Aplicación a Usuario - Insertar','192.168.56.1','DESKTOP-01DDSQ2',_binary ''),(182,5,NULL,'2025-09-23 09:46:30','Ingreso','172.20.10.3','BELY',_binary ''),(183,2,NULL,'2025-09-23 13:06:28','Ingreso','192.168.56.1','DESKTOP-6VKCMBO',_binary ''),(184,2,NULL,'2025-09-23 13:15:16','Ingreso','192.168.56.1','DESKTOP-6VKCMBO',_binary ''),(185,2,NULL,'2025-09-23 13:23:00','Ingreso','192.168.56.1','DESKTOP-6VKCMBO',_binary ''),(186,2,NULL,'2025-09-23 13:27:12','Ingreso','192.168.56.1','DESKTOP-6VKCMBO',_binary ''),(187,2,NULL,'2025-09-23 14:42:31','Ingreso','192.168.56.1','DESKTOP-6VKCMBO',_binary ''),(188,2,NULL,'2025-09-23 14:49:12','Ingreso','192.168.56.1','DESKTOP-6VKCMBO',_binary ''),(189,2,NULL,'2025-09-23 15:35:57','Ingreso','192.168.56.1','DESKTOP-6VKCMBO',_binary ''),(190,2,NULL,'2025-09-23 15:58:22','Ingreso','192.168.56.1','DESKTOP-6VKCMBO',_binary ''),(191,2,NULL,'2025-09-23 15:59:44','Ingreso','192.168.56.1','DESKTOP-6VKCMBO',_binary ''),(192,2,NULL,'2025-09-23 18:33:27','Ingreso','192.168.56.1','DESKTOP-6VKCMBO',_binary ''),(193,2,NULL,'2025-09-23 19:06:25','Ingreso','192.168.56.1','DESKTOP-6VKCMBO',_binary ''),(194,7,NULL,'2025-09-23 20:35:17','Ingreso','192.168.1.102','LUCHCODEDEV',_binary ''),(195,7,NULL,'2025-09-23 20:55:27','Ingreso','192.168.1.102','LUCHCODEDEV',_binary ''),(196,7,NULL,'2025-09-23 21:43:31','Ingreso','192.168.1.102','LUCHCODEDEV',_binary ''),(197,4,NULL,'2025-09-23 22:02:00','Ingreso','192.168.56.1','DESKTOP-6VKCMBO',_binary ''),(198,4,NULL,'2025-09-23 22:02:58','Asignación Aplicación a Usuario - Agregar','192.168.56.1','DESKTOP-6VKCMBO',_binary ''),(199,4,NULL,'2025-09-23 22:36:53','Ingreso','192.168.1.102','LUCHCODEDEV',_binary ''),(200,4,NULL,'2025-09-23 22:37:16','Cierre de sesión','192.168.1.102','LUCHCODEDEV',_binary '\0'),(201,4,NULL,'2025-09-23 22:47:48','Ingreso','192.168.1.102','LUCHCODEDEV',_binary ''),(202,4,NULL,'2025-09-23 22:48:29','Cierre de sesión','192.168.1.102','LUCHCODEDEV',_binary '\0'),(203,7,NULL,'2025-09-23 22:48:37','Ingreso','192.168.1.102','LUCHCODEDEV',_binary ''),(204,7,NULL,'2025-09-23 22:55:48','Ingreso','192.168.1.102','LUCHCODEDEV',_binary ''),(205,7,1,'2025-09-23 22:56:09','Guardar usuario','192.168.1.102','LUCHCODEDEV',_binary ''),(206,7,NULL,'2025-09-23 22:56:11','Cierre de sesión','192.168.1.102','LUCHCODEDEV',_binary '\0'),(207,11,NULL,'2025-09-23 22:57:02','Ingreso','192.168.1.102','LUCHCODEDEV',_binary ''),(208,11,NULL,'2025-09-23 23:00:58','Ingreso','192.168.1.102','LUCHCODEDEV',_binary ''),(209,11,1,'2025-09-23 23:01:37','Guardar usuario','192.168.1.102','LUCHCODEDEV',_binary ''),(210,11,NULL,'2025-09-23 23:01:43','Cierre de sesión','192.168.1.102','LUCHCODEDEV',_binary '\0'),(211,12,NULL,'2025-09-23 23:01:56','Ingreso','192.168.1.102','LUCHCODEDEV',_binary ''),(212,11,NULL,'2025-09-23 23:13:08','Ingreso','192.168.1.102','LUCHCODEDEV',_binary ''),(213,11,NULL,'2025-09-23 23:13:33','Asignación Aplicación a Usuario - Agregar','192.168.1.102','LUCHCODEDEV',_binary ''),(214,11,NULL,'2025-09-23 23:13:38','Asignación Aplicación a Usuario - Insertar','192.168.1.102','LUCHCODEDEV',_binary ''),(215,11,NULL,'2025-09-23 23:14:34','Ingreso','192.168.1.102','LUCHCODEDEV',_binary ''),(216,11,NULL,'2025-09-23 23:14:38','Cierre de sesión','192.168.1.102','LUCHCODEDEV',_binary '\0'),(217,12,NULL,'2025-09-23 23:14:50','Ingreso','192.168.1.102','LUCHCODEDEV',_binary ''),(218,12,NULL,'2025-09-23 23:44:59','Ingreso','192.168.1.102','LUCHCODEDEV',_binary ''),(219,12,NULL,'2025-09-23 23:45:11','Cierre de sesión','192.168.1.102','LUCHCODEDEV',_binary '\0'),(220,7,NULL,'2025-09-24 00:12:57','Ingreso','192.168.1.102','LUCHCODEDEV',_binary ''),(221,7,NULL,'2025-09-24 00:14:07','Ingreso','192.168.1.102','LUCHCODEDEV',_binary ''),(222,7,NULL,'2025-09-24 00:14:16','Cierre de sesión','192.168.1.102','LUCHCODEDEV',_binary '\0'),(223,12,NULL,'2025-09-24 00:14:28','Ingreso','192.168.1.102','LUCHCODEDEV',_binary ''),(224,12,NULL,'2025-09-24 00:14:34','Cierre de sesión','192.168.1.102','LUCHCODEDEV',_binary '\0'),(225,7,NULL,'2025-09-24 00:16:04','Ingreso','192.168.1.102','LUCHCODEDEV',_binary ''),(226,7,NULL,'2025-09-24 00:16:17','Cierre de sesión','192.168.1.102','LUCHCODEDEV',_binary '\0'),(227,7,NULL,'2025-09-24 00:59:38','Ingreso','192.168.1.102','LUCHCODEDEV',_binary ''),(228,7,NULL,'2025-09-24 00:59:59','Cierre de sesión','192.168.1.102','LUCHCODEDEV',_binary '\0'),(229,12,NULL,'2025-09-24 01:00:18','Ingreso','192.168.1.102','LUCHCODEDEV',_binary ''),(230,12,NULL,'2025-09-24 01:04:42','Ingreso','192.168.1.102','LUCHCODEDEV',_binary ''),(231,12,NULL,'2025-09-24 01:04:53','Cierre de sesión','192.168.1.102','LUCHCODEDEV',_binary '\0'),(232,7,NULL,'2025-09-24 01:05:07','Ingreso','192.168.1.102','LUCHCODEDEV',_binary ''),(233,7,NULL,'2025-09-24 01:05:13','Cierre de sesión','192.168.1.102','LUCHCODEDEV',_binary '\0'),(234,7,NULL,'2025-09-24 01:06:01','Ingreso','192.168.1.102','LUCHCODEDEV',_binary ''),(235,7,NULL,'2025-09-24 01:06:09','Cierre de sesión','192.168.1.102','LUCHCODEDEV',_binary '\0'),(236,12,NULL,'2025-09-24 01:06:26','Ingreso','192.168.1.102','LUCHCODEDEV',_binary ''),(237,12,1,'2025-09-24 01:06:52','Asignación Aplicación a Usuario - Insertar','192.168.1.102','LUCHCODEDEV',_binary ''),(238,12,1,'2025-09-24 01:06:58','Asignación Aplicación a Usuario - Actualizar','192.168.1.102','LUCHCODEDEV',_binary ''),(239,12,NULL,'2025-09-24 01:07:02','Cierre de sesión','192.168.1.102','LUCHCODEDEV',_binary '\0'),(240,7,NULL,'2025-09-24 01:07:16','Ingreso','192.168.1.102','LUCHCODEDEV',_binary ''),(241,7,NULL,'2025-09-24 01:07:31','Cierre de sesión','192.168.1.102','LUCHCODEDEV',_binary '\0'),(242,12,NULL,'2025-09-24 01:07:46','Ingreso','192.168.1.102','LUCHCODEDEV',_binary ''),(243,12,1,'2025-09-24 01:08:14','Guardar usuario','192.168.1.102','LUCHCODEDEV',_binary ''),(244,12,NULL,'2025-09-24 01:08:18','Cierre de sesión','192.168.1.102','LUCHCODEDEV',_binary '\0'),(245,13,NULL,'2025-09-24 01:08:30','Ingreso','192.168.1.102','LUCHCODEDEV',_binary ''),(246,13,NULL,'2025-09-24 01:08:40','Cierre de sesión','192.168.1.102','LUCHCODEDEV',_binary '\0'),(247,13,NULL,'2025-09-24 01:09:08','Ingreso','192.168.1.102','LUCHCODEDEV',_binary ''),(248,13,NULL,'2025-09-24 01:09:13','Cierre de sesión','192.168.1.102','LUCHCODEDEV',_binary '\0'),(249,12,NULL,'2025-09-24 01:09:27','Ingreso','192.168.1.102','LUCHCODEDEV',_binary ''),(250,12,NULL,'2025-09-24 01:09:46','Asignación Aplicación a Usuario - Insertar','192.168.1.102','LUCHCODEDEV',_binary ''),(251,12,NULL,'2025-09-24 01:09:49','Asignación Aplicación a Usuario - Actualizar','192.168.1.102','LUCHCODEDEV',_binary ''),(252,12,NULL,'2025-09-24 01:09:53','Cierre de sesión','192.168.1.102','LUCHCODEDEV',_binary '\0'),(253,13,NULL,'2025-09-24 01:10:05','Ingreso','192.168.1.102','LUCHCODEDEV',_binary ''),(254,2,NULL,'2025-09-24 08:06:49','Ingreso','192.168.56.1','DESKTOP-6VKCMBO',_binary ''),(255,4,NULL,'2025-09-24 08:11:02','Ingreso','192.168.56.1','DESKTOP-6VKCMBO',_binary ''),(256,4,NULL,'2025-09-24 08:18:04','Ingreso','192.168.56.1','DESKTOP-6VKCMBO',_binary ''),(257,4,NULL,'2025-09-24 08:23:50','Ingreso','192.168.56.1','DESKTOP-6VKCMBO',_binary ''),(258,4,NULL,'2025-09-24 08:25:45','Ingreso','192.168.56.1','DESKTOP-6VKCMBO',_binary ''),(259,4,NULL,'2025-09-24 08:31:49','Ingreso','192.168.56.1','DESKTOP-6VKCMBO',_binary ''),(260,4,NULL,'2025-09-24 08:36:12','Ingreso','192.168.56.1','DESKTOP-6VKCMBO',_binary ''),(261,2,NULL,'2025-09-24 08:36:58','Ingreso','192.168.56.1','DESKTOP-6VKCMBO',_binary ''),(262,4,NULL,'2025-09-24 10:28:10','Ingreso','192.168.56.1','DESKTOP-6VKCMBO',_binary ''),(263,4,1,'2025-09-24 10:29:34','Asignación Aplicación a Usuario - Agregar','192.168.56.1','DESKTOP-6VKCMBO',_binary ''),(264,4,1,'2025-09-24 10:29:53','Asignación Aplicación a Usuario - Insertar','192.168.56.1','DESKTOP-6VKCMBO',_binary ''),(265,10,NULL,'2025-09-24 10:30:36','Ingreso','192.168.56.1','DESKTOP-6VKCMBO',_binary ''),(266,10,NULL,'2025-09-24 10:41:53','Ingreso','192.168.56.1','DESKTOP-6VKCMBO',_binary ''),(267,4,NULL,'2025-09-24 10:43:45','Ingreso','192.168.56.1','DESKTOP-6VKCMBO',_binary ''),(268,4,NULL,'2025-09-24 10:50:05','Asignación Aplicación a Usuario - Agregar','192.168.56.1','DESKTOP-6VKCMBO',_binary ''),(269,4,NULL,'2025-09-24 10:50:36','Asignación Aplicación a Usuario - Insertar','192.168.56.1','DESKTOP-6VKCMBO',_binary ''),(270,10,NULL,'2025-09-24 10:51:49','Ingreso','192.168.56.1','DESKTOP-6VKCMBO',_binary ''),(271,10,NULL,'2025-09-24 10:54:04','Ingreso','192.168.56.1','DESKTOP-6VKCMBO',_binary ''),(272,10,NULL,'2025-09-24 11:23:05','Ingreso','192.168.56.1','DESKTOP-6VKCMBO',_binary ''),(273,10,NULL,'2025-09-24 11:28:48','Ingreso','192.168.56.1','DESKTOP-6VKCMBO',_binary ''),(274,10,NULL,'2025-09-24 11:36:49','Ingreso','192.168.56.1','DESKTOP-6VKCMBO',_binary ''),(275,10,NULL,'2025-09-24 11:37:22','Cierre de sesión','192.168.56.1','DESKTOP-6VKCMBO',_binary '\0'),(276,4,NULL,'2025-09-24 11:38:11','Ingreso','192.168.56.1','DESKTOP-6VKCMBO',_binary ''),(277,4,NULL,'2025-09-24 12:07:07','Ingreso','192.168.56.1','DESKTOP-6VKCMBO',_binary ''),(278,4,NULL,'2025-09-24 12:11:31','Ingreso','192.168.56.1','DESKTOP-6VKCMBO',_binary ''),(279,4,NULL,'2025-09-24 12:19:35','Ingreso','192.168.56.1','DESKTOP-6VKCMBO',_binary ''),(280,4,NULL,'2025-09-24 12:25:50','Ingreso','192.168.56.1','DESKTOP-6VKCMBO',_binary ''),(281,4,NULL,'2025-09-24 12:29:24','Ingreso','192.168.56.1','DESKTOP-6VKCMBO',_binary ''),(282,4,NULL,'2025-09-24 12:38:54','Ingreso','192.168.56.1','DESKTOP-6VKCMBO',_binary ''),(283,4,NULL,'2025-09-24 12:46:14','Ingreso','192.168.56.1','DESKTOP-6VKCMBO',_binary ''),(284,2,NULL,'2025-09-24 16:08:20','Ingreso','192.168.137.1','COMPU_CESAR',_binary ''),(285,2,NULL,'2025-09-24 16:10:55','Cierre de sesión','192.168.137.1','COMPU_CESAR',_binary '\0'),(286,4,NULL,'2025-09-24 16:11:25','Ingreso','192.168.137.1','COMPU_CESAR',_binary ''),(287,4,NULL,'2025-09-24 16:14:42','Cierre de sesión','192.168.137.1','COMPU_CESAR',_binary '\0'),(288,12,NULL,'2025-09-24 16:49:00','Ingreso','192.168.1.102','LUCHCODEDEV',_binary ''),(289,4,NULL,'2025-09-24 17:29:03','Ingreso','192.168.137.1','COMPU_CESAR',_binary ''),(290,12,NULL,'2025-09-24 17:29:14','Ingreso','192.168.1.102','LUCHCODEDEV',_binary ''),(291,4,1,'2025-09-24 17:30:06','Modificar aplicación','192.168.137.1','COMPU_CESAR',_binary ''),(292,12,NULL,'2025-09-24 17:34:49','Ingreso','192.168.1.102','LUCHCODEDEV',_binary ''),(293,12,NULL,'2025-09-24 17:35:10','Cierre de sesión','192.168.1.102','LUCHCODEDEV',_binary '\0'),(294,4,NULL,'2025-09-24 17:35:30','Ingreso','192.168.137.1','COMPU_CESAR',_binary ''),(295,7,NULL,'2025-09-24 17:35:34','Ingreso','192.168.1.102','LUCHCODEDEV',_binary ''),(296,7,NULL,'2025-09-24 17:35:42','Cierre de sesión','192.168.1.102','LUCHCODEDEV',_binary '\0'),(297,4,NULL,'2025-09-24 17:35:55','Ingreso','192.168.1.102','LUCHCODEDEV',_binary ''),(298,4,NULL,'2025-09-24 17:36:02','Cierre de sesión','192.168.1.102','LUCHCODEDEV',_binary '\0'),(299,7,NULL,'2025-09-24 17:36:15','Ingreso','192.168.1.102','LUCHCODEDEV',_binary ''),(300,4,1,'2025-09-24 17:37:44','Eliminar aplicación','192.168.137.1','COMPU_CESAR',_binary ''),(301,7,NULL,'2025-09-24 17:38:23','Cierre de sesión','192.168.1.102','LUCHCODEDEV',_binary '\0'),(302,4,NULL,'2025-09-24 17:38:35','Ingreso','192.168.1.102','LUCHCODEDEV',_binary ''),(303,4,NULL,'2025-09-24 17:39:42','Ingreso','192.168.1.102','LUCHCODEDEV',_binary ''),(304,4,1,'2025-09-24 17:40:06','Asignación Aplicación a Usuario - Agregar','192.168.1.102','LUCHCODEDEV',_binary ''),(305,4,1,'2025-09-24 17:40:16','Asignación Aplicación a Usuario - Insertar','192.168.1.102','LUCHCODEDEV',_binary ''),(306,4,1,'2025-09-24 17:40:30','Asignación Aplicación a Usuario - Actualizar','192.168.1.102','LUCHCODEDEV',_binary ''),(307,4,NULL,'2025-09-24 17:40:32','Asignación Aplicación a Usuario - Actualizar','192.168.1.102','LUCHCODEDEV',_binary ''),(308,4,1,'2025-09-24 17:40:53','Asignación Aplicación a Usuario - Actualizar','192.168.1.102','LUCHCODEDEV',_binary ''),(309,4,NULL,'2025-09-24 17:40:55','Asignación Aplicación a Usuario - Actualizar','192.168.1.102','LUCHCODEDEV',_binary ''),(310,4,NULL,'2025-09-24 17:41:05','Cierre de sesión','192.168.1.102','LUCHCODEDEV',_binary '\0'),(311,12,NULL,'2025-09-24 17:42:03','Ingreso','192.168.1.102','LUCHCODEDEV',_binary ''),(312,4,NULL,'2025-09-24 17:45:13','Ingreso','192.168.1.102','LUCHCODEDEV',_binary ''),(313,4,NULL,'2025-09-24 17:45:25','Cierre de sesión','192.168.1.102','LUCHCODEDEV',_binary '\0'),(314,4,NULL,'2025-09-24 17:45:56','Ingreso','192.168.1.102','LUCHCODEDEV',_binary ''),(315,4,NULL,'2025-09-24 17:54:39','Ingreso','192.168.56.1','DESKTOP-6VKCMBO',_binary ''),(316,4,NULL,'2025-09-24 17:55:21','Asignación Aplicación a Usuario - Agregar','192.168.56.1','DESKTOP-6VKCMBO',_binary ''),(317,4,NULL,'2025-09-24 17:55:38','Asignación Aplicación a Usuario - Insertar','192.168.56.1','DESKTOP-6VKCMBO',_binary ''),(318,10,NULL,'2025-09-24 17:56:12','Ingreso','192.168.56.1','DESKTOP-6VKCMBO',_binary ''),(319,10,NULL,'2025-09-24 17:57:13','Ingreso','192.168.56.1','DESKTOP-6VKCMBO',_binary ''),(320,10,NULL,'2025-09-24 18:02:36','Ingreso','192.168.56.1','DESKTOP-6VKCMBO',_binary ''),(321,4,NULL,'2025-09-24 18:03:25','Ingreso','192.168.56.1','DESKTOP-6VKCMBO',_binary ''),(322,12,NULL,'2025-09-24 18:27:00','Ingreso','192.168.1.102','LUCHCODEDEV',_binary ''),(323,12,NULL,'2025-09-24 18:30:11','Ingreso','192.168.1.102','LUCHCODEDEV',_binary ''),(324,12,NULL,'2025-09-24 18:31:09','Cierre de sesión','192.168.1.102','LUCHCODEDEV',_binary '\0'),(325,4,NULL,'2025-09-24 18:31:20','Ingreso','192.168.1.102','LUCHCODEDEV',_binary ''),(326,4,NULL,'2025-09-24 18:31:56','Cierre de sesión','192.168.1.102','LUCHCODEDEV',_binary '\0'),(327,12,NULL,'2025-09-24 18:32:08','Ingreso','192.168.1.102','LUCHCODEDEV',_binary ''),(328,12,NULL,'2025-09-24 18:32:28','Asignación Aplicación a Usuario - Agregar','192.168.1.102','LUCHCODEDEV',_binary ''),(329,12,NULL,'2025-09-24 18:32:37','Asignación Aplicación a Usuario - Insertar','192.168.1.102','LUCHCODEDEV',_binary ''),(330,12,NULL,'2025-09-24 18:32:51','Cierre de sesión','192.168.1.102','LUCHCODEDEV',_binary '\0'),(331,4,NULL,'2025-09-24 18:33:03','Ingreso','192.168.1.102','LUCHCODEDEV',_binary ''),(332,12,NULL,'2025-09-24 18:34:28','Ingreso','192.168.1.102','LUCHCODEDEV',_binary ''),(333,12,1,'2025-09-24 18:34:51','Asignación Aplicación a Usuario - Quitar','192.168.1.102','LUCHCODEDEV',_binary ''),(334,12,NULL,'2025-09-24 18:34:52','Asignación Aplicación a Usuario - Quitar','192.168.1.102','LUCHCODEDEV',_binary ''),(335,12,1,'2025-09-24 18:35:16','Asignación Aplicación a Usuario - Quitar','192.168.1.102','LUCHCODEDEV',_binary ''),(336,12,NULL,'2025-09-24 18:35:17','Asignación Aplicación a Usuario - Quitar','192.168.1.102','LUCHCODEDEV',_binary ''),(337,12,1,'2025-09-24 18:35:49','Asignación Aplicación a Usuario - Quitar','192.168.1.102','LUCHCODEDEV',_binary ''),(338,12,NULL,'2025-09-24 18:35:51','Asignación Aplicación a Usuario - Quitar','192.168.1.102','LUCHCODEDEV',_binary ''),(339,12,NULL,'2025-09-24 18:36:08','Cierre de sesión','192.168.1.102','LUCHCODEDEV',_binary '\0'),(340,4,NULL,'2025-09-24 18:36:18','Ingreso','192.168.1.102','LUCHCODEDEV',_binary ''),(341,4,1,'2025-09-24 18:36:36','Asignación Aplicación a Usuario - Quitar','192.168.1.102','LUCHCODEDEV',_binary ''),(342,4,NULL,'2025-09-24 18:36:37','Asignación Aplicación a Usuario - Quitar','192.168.1.102','LUCHCODEDEV',_binary ''),(343,4,NULL,'2025-09-24 18:36:56','Asignación Aplicación a Usuario - Agregar','192.168.1.102','LUCHCODEDEV',_binary ''),(344,4,NULL,'2025-09-24 18:37:06','Asignación Aplicación a Usuario - Actualizar','192.168.1.102','LUCHCODEDEV',_binary ''),(345,4,NULL,'2025-09-24 18:44:11','Ingreso','192.168.56.1','DESKTOP-01DDSQ2',_binary ''),(346,4,1,'2025-09-24 18:45:02','Guardar usuario','192.168.56.1','DESKTOP-01DDSQ2',_binary ''),(347,14,NULL,'2025-09-24 18:46:02','Ingreso','192.168.1.102','LUCHCODEDEV',_binary ''),(348,14,NULL,'2025-09-24 18:46:15','Cierre de sesión','192.168.1.102','LUCHCODEDEV',_binary '\0'),(349,4,NULL,'2025-09-24 18:48:43','Ingreso','192.168.56.1','DESKTOP-01DDSQ2',_binary ''),(350,4,NULL,'2025-09-24 18:49:13','Asignación Aplicación a Usuario - Agregar','192.168.56.1','DESKTOP-01DDSQ2',_binary ''),(351,14,NULL,'2025-09-24 18:49:24','Cierre de sesión','192.168.1.102','LUCHCODEDEV',_binary '\0'),(352,4,NULL,'2025-09-24 18:49:35','Asignación Aplicación a Usuario - Insertar','192.168.56.1','DESKTOP-01DDSQ2',_binary ''),(353,14,NULL,'2025-09-24 18:49:43','Ingreso','192.168.1.102','LUCHCODEDEV',_binary ''),(354,4,NULL,'2025-09-24 18:50:47','Asignación Aplicación a Usuario - Agregar','192.168.56.1','DESKTOP-01DDSQ2',_binary ''),(355,4,NULL,'2025-09-24 18:50:55','Asignación Aplicación a Usuario - Quitar','192.168.56.1','DESKTOP-01DDSQ2',_binary ''),(356,4,NULL,'2025-09-24 18:51:03','Asignación Aplicación a Usuario - Agregar','192.168.56.1','DESKTOP-01DDSQ2',_binary ''),(357,14,NULL,'2025-09-24 18:51:12','Cierre de sesión','192.168.1.102','LUCHCODEDEV',_binary '\0'),(358,4,NULL,'2025-09-24 18:51:28','Asignación Aplicación a Usuario - Agregar','192.168.56.1','DESKTOP-01DDSQ2',_binary ''),(359,11,NULL,'2025-09-24 18:51:32','Ingreso','192.168.1.102','LUCHCODEDEV',_binary ''),(360,4,NULL,'2025-09-24 18:52:09','Asignación Aplicación a Usuario - Agregar','192.168.56.1','DESKTOP-01DDSQ2',_binary ''),(361,4,NULL,'2025-09-24 18:52:53','Asignación Aplicación a Usuario - Actualizar','192.168.56.1','DESKTOP-01DDSQ2',_binary ''),(362,4,NULL,'2025-09-24 18:52:55','Asignación Aplicación a Usuario - Actualizar','192.168.56.1','DESKTOP-01DDSQ2',_binary ''),(363,4,NULL,'2025-09-24 18:52:57','Asignación Aplicación a Usuario - Insertar','192.168.56.1','DESKTOP-01DDSQ2',_binary ''),(364,11,NULL,'2025-09-24 18:53:08','Cierre de sesión','192.168.1.102','LUCHCODEDEV',_binary '\0'),(365,11,NULL,'2025-09-24 18:53:21','Ingreso','192.168.1.102','LUCHCODEDEV',_binary ''),(366,2,NULL,'2025-09-24 19:15:58','Ingreso','192.168.1.4','LAPTOP-6C415UB3',_binary ''),(367,1,NULL,'2025-09-24 20:54:06','Recuperar contraseña','192.168.1.7','RICARDO',_binary ''),(368,1,NULL,'2025-09-24 20:54:17','Ingreso','192.168.1.7','RICARDO',_binary ''),(369,1,NULL,'2025-09-24 20:54:37','Cierre de sesión','192.168.1.7','RICARDO',_binary '\0'),(370,2,NULL,'2025-09-24 20:56:01','Ingreso','192.168.1.7','RICARDO',_binary ''),(371,2,NULL,'2025-09-24 21:00:45','Ingreso','192.168.1.7','RICARDO',_binary ''),(372,2,NULL,'2025-09-24 21:01:27','Cierre de sesión','192.168.1.7','RICARDO',_binary '\0'),(373,4,NULL,'2025-09-24 21:02:07','Ingreso','192.168.1.7','RICARDO',_binary ''),(374,4,NULL,'2025-09-24 21:05:43','Ingreso','192.168.56.1','DESKTOP-01DDSQ2',_binary ''),(375,4,NULL,'2025-09-24 21:06:40','Asignación Aplicación a Usuario - Agregar','192.168.56.1','DESKTOP-01DDSQ2',_binary ''),(376,4,NULL,'2025-09-24 21:06:57','Asignación Aplicación a Usuario - Actualizar','192.168.56.1','DESKTOP-01DDSQ2',_binary ''),(377,4,1,'2025-09-24 21:11:39','Modificar aplicación','192.168.56.1','DESKTOP-01DDSQ2',_binary ''),(378,4,5,'2025-09-24 21:12:17','Asignación Aplicación a Usuario - Agregar','192.168.56.1','DESKTOP-01DDSQ2',_binary ''),(379,4,NULL,'2025-09-24 21:12:48','Asignación Aplicación a Usuario - Agregar','192.168.56.1','DESKTOP-01DDSQ2',_binary ''),(380,4,NULL,'2025-09-24 21:14:02','Asignación Aplicación a Usuario - Quitar','192.168.56.1','DESKTOP-01DDSQ2',_binary ''),(381,4,NULL,'2025-09-24 21:14:12','Asignación Aplicación a Usuario - Agregar','192.168.56.1','DESKTOP-01DDSQ2',_binary ''),(382,4,5,'2025-09-24 21:14:21','Asignación Aplicación a Usuario - Insertar','192.168.56.1','DESKTOP-01DDSQ2',_binary ''),(383,4,NULL,'2025-09-24 21:14:25','Asignación Aplicación a Usuario - Insertar','192.168.56.1','DESKTOP-01DDSQ2',_binary ''),(384,12,NULL,'2025-09-24 21:16:02','Ingreso','192.168.1.102','LUCHCODEDEV',_binary ''),(385,4,NULL,'2025-09-24 21:16:16','Ingreso','192.168.56.1','DESKTOP-01DDSQ2',_binary ''),(386,4,NULL,'2025-09-24 21:18:08','Asignación Aplicación a Usuario - Agregar','192.168.56.1','DESKTOP-01DDSQ2',_binary ''),(387,4,NULL,'2025-09-24 21:18:22','Asignación Aplicación a Usuario - Insertar','192.168.56.1','DESKTOP-01DDSQ2',_binary ''),(388,12,NULL,'2025-09-24 21:18:35','Cierre de sesión','192.168.1.102','LUCHCODEDEV',_binary '\0'),(389,12,NULL,'2025-09-24 21:18:49','Ingreso','192.168.1.102','LUCHCODEDEV',_binary ''),(390,4,NULL,'2025-09-24 21:19:06','Ingreso','192.168.56.1','DESKTOP-01DDSQ2',_binary ''),(391,4,5,'2025-09-24 21:20:29','Asignación Aplicación a Usuario - Agregar','192.168.56.1','DESKTOP-01DDSQ2',_binary ''),(392,4,5,'2025-09-24 21:20:41','Asignación Aplicación a Usuario - Insertar','192.168.56.1','DESKTOP-01DDSQ2',_binary ''),(393,4,NULL,'2025-09-24 21:26:42','Ingreso','192.168.56.1','DESKTOP-01DDSQ2',_binary ''),(394,4,NULL,'2025-09-24 21:26:49','Ingreso','192.168.0.19','DOMITS',_binary ''),(395,4,NULL,'2025-09-24 21:27:26','Cierre de sesión','192.168.56.1','DESKTOP-01DDSQ2',_binary '\0'),(396,14,NULL,'2025-09-24 21:27:37','Ingreso','192.168.56.1','DESKTOP-01DDSQ2',_binary ''),(397,4,NULL,'2025-09-24 21:29:27','Ingreso','192.168.0.19','DOMITS',_binary ''),(398,4,1,'2025-09-24 21:30:04','Guardar módulo','192.168.0.19','DOMITS',_binary ''),(399,4,NULL,'2025-09-24 21:38:23','Ingreso','192.168.0.19','DOMITS',_binary ''),(400,4,1,'2025-09-24 21:38:48','Eliminar módulo','192.168.0.19','DOMITS',_binary ''),(401,4,NULL,'2025-09-24 21:42:36','Ingreso','192.168.56.1','DESKTOP-01DDSQ2',_binary ''),(402,4,1,'2025-09-24 21:45:03','Modificar aplicación','192.168.56.1','DESKTOP-01DDSQ2',_binary ''),(403,4,NULL,'2025-09-24 21:45:32','Asignación Aplicación a Usuario - Agregar','192.168.56.1','DESKTOP-01DDSQ2',_binary ''),(404,4,NULL,'2025-09-24 21:45:52','Asignación Aplicación a Usuario - Insertar','192.168.56.1','DESKTOP-01DDSQ2',_binary ''),(405,4,NULL,'2025-09-24 21:46:04','Asignación Aplicación a Usuario - Agregar','192.168.56.1','DESKTOP-01DDSQ2',_binary ''),(406,4,1,'2025-09-24 21:46:47','Asignación Aplicación a Usuario - Quitar','192.168.56.1','DESKTOP-01DDSQ2',_binary ''),(407,4,NULL,'2025-09-24 21:46:48','Asignación Aplicación a Usuario - Quitar','192.168.56.1','DESKTOP-01DDSQ2',_binary ''),(408,4,NULL,'2025-09-24 21:46:50','Asignación Aplicación a Usuario - Quitar','192.168.56.1','DESKTOP-01DDSQ2',_binary ''),(409,4,5,'2025-09-24 21:46:51','Asignación Aplicación a Usuario - Quitar','192.168.56.1','DESKTOP-01DDSQ2',_binary ''),(410,4,NULL,'2025-09-24 21:46:52','Asignación Aplicación a Usuario - Quitar','192.168.56.1','DESKTOP-01DDSQ2',_binary ''),(411,4,NULL,'2025-09-24 21:47:00','Asignación Aplicación a Usuario - Agregar','192.168.56.1','DESKTOP-01DDSQ2',_binary ''),(412,4,NULL,'2025-09-24 21:47:14','Asignación Aplicación a Usuario - Insertar','192.168.56.1','DESKTOP-01DDSQ2',_binary ''),(413,4,1,'2025-09-24 21:48:20','Guardar módulo','192.168.56.1','DESKTOP-01DDSQ2',_binary ''),(414,4,1,'2025-09-24 21:48:25','Eliminar módulo','192.168.56.1','DESKTOP-01DDSQ2',_binary ''),(415,4,NULL,'2025-09-24 21:57:23','Ingreso','192.168.56.1','DESKTOP-01DDSQ2',_binary ''),(416,4,1,'2025-09-24 21:58:03','Guardar usuario','192.168.56.1','DESKTOP-01DDSQ2',_binary ''),(417,4,NULL,'2025-09-24 21:58:08','Cierre de sesión','192.168.56.1','DESKTOP-01DDSQ2',_binary '\0'),(418,15,NULL,'2025-09-24 21:58:22','Ingreso','192.168.56.1','DESKTOP-01DDSQ2',_binary ''),(419,15,NULL,'2025-09-24 21:58:44','Cierre de sesión','192.168.56.1','DESKTOP-01DDSQ2',_binary '\0'),(420,12,NULL,'2025-09-24 21:59:01','Ingreso','192.168.56.1','DESKTOP-01DDSQ2',_binary ''),(421,12,1,'2025-09-24 22:00:07','Asignación Aplicación a Usuario - Agregar','192.168.56.1','DESKTOP-01DDSQ2',_binary ''),(422,12,1,'2025-09-24 22:00:15','Asignación Aplicación a Usuario - Insertar','192.168.56.1','DESKTOP-01DDSQ2',_binary ''),(423,12,NULL,'2025-09-24 22:00:24','Cierre de sesión','192.168.56.1','DESKTOP-01DDSQ2',_binary '\0'),(424,15,NULL,'2025-09-24 22:00:41','Ingreso','192.168.56.1','DESKTOP-01DDSQ2',_binary ''),(425,4,NULL,'2025-09-24 22:31:07','Ingreso','192.168.1.7','RICARDO',_binary ''),(426,4,NULL,'2025-09-24 22:32:05','Cierre de sesión','192.168.1.7','RICARDO',_binary '\0'),(427,4,NULL,'2025-09-24 22:45:50','Ingreso','192.168.0.19','DOMITS',_binary ''),(428,4,1,'2025-09-24 22:46:23','Guardar módulo','192.168.0.19','DOMITS',_binary ''),(429,4,1,'2025-09-24 22:46:31','Guardar módulo','192.168.0.19','DOMITS',_binary ''),(430,4,NULL,'2025-09-24 23:01:03','Ingreso','192.168.0.19','DOMITS',_binary ''),(431,4,1,'2025-09-24 23:01:38','Guardar módulo','192.168.0.19','DOMITS',_binary ''),(432,4,1,'2025-09-24 23:01:51','Eliminar módulo','192.168.0.19','DOMITS',_binary ''),(433,4,NULL,'2025-09-24 23:05:06','Ingreso','192.168.0.19','DOMITS',_binary ''),(434,4,1,'2025-09-24 23:05:46','Guardar módulo','192.168.0.19','DOMITS',_binary ''),(435,4,1,'2025-09-24 23:06:01','Eliminar módulo','192.168.0.19','DOMITS',_binary ''),(436,4,1,'2025-09-24 23:06:19','Guardar módulo','192.168.0.19','DOMITS',_binary ''),(437,4,1,'2025-09-24 23:06:38','Eliminar módulo','192.168.0.19','DOMITS',_binary ''),(438,4,NULL,'2025-09-24 23:12:02','Ingreso','192.168.0.19','DOMITS',_binary ''),(439,4,NULL,'2025-09-25 06:59:50','Ingreso','192.168.137.1','COMPU_CESAR',_binary ''),(440,4,NULL,'2025-09-25 07:00:58','Cierre de sesión','192.168.137.1','COMPU_CESAR',_binary '\0'),(441,4,NULL,'2025-09-25 07:05:17','Ingreso','192.168.137.1','COMPU_CESAR',_binary ''),(442,4,NULL,'2025-09-25 07:06:10','Cierre de sesión','192.168.137.1','COMPU_CESAR',_binary '\0'),(443,2,NULL,'2025-09-25 07:06:31','Ingreso','192.168.137.1','COMPU_CESAR',_binary ''),(444,2,NULL,'2025-09-25 07:09:29','Cierre de sesión','192.168.137.1','COMPU_CESAR',_binary '\0'),(445,5,NULL,'2025-09-25 07:12:06','Ingreso','172.20.10.3','BELY',_binary ''),(446,12,NULL,'2025-09-25 07:28:50','Ingreso','192.168.133.128','DAVID',_binary ''),(447,12,1,'2025-09-25 07:30:10','Guardar usuario','192.168.133.128','DAVID',_binary ''),(448,12,NULL,'2025-09-25 07:30:26','Cierre de sesión','192.168.133.128','DAVID',_binary '\0'),(449,16,NULL,'2025-09-25 07:30:48','Ingreso','192.168.133.128','DAVID',_binary ''),(450,16,NULL,'2025-09-25 07:30:59','Cierre de sesión','192.168.133.128','DAVID',_binary '\0'),(451,12,NULL,'2025-09-25 07:31:47','Ingreso','192.168.133.128','DAVID',_binary ''),(452,12,NULL,'2025-09-25 07:32:29','Asignación Aplicación a Usuario - Agregar','192.168.133.128','DAVID',_binary ''),(453,12,NULL,'2025-09-25 07:33:18','Cierre de sesión','192.168.133.128','DAVID',_binary '\0'),(454,16,NULL,'2025-09-25 07:33:36','Ingreso','192.168.133.128','DAVID',_binary ''),(455,12,NULL,'2025-09-25 07:34:28','Ingreso','192.168.150.99','LAPTOP-6C415UB3',_binary ''),(456,16,NULL,'2025-09-25 07:35:39','Cierre de sesión','192.168.133.128','DAVID',_binary '\0'),(457,16,NULL,'2025-09-25 07:37:19','Ingreso','192.168.133.128','DAVID',_binary ''),(458,16,NULL,'2025-09-25 07:37:34','Cierre de sesión','192.168.133.128','DAVID',_binary '\0'),(459,4,NULL,'2025-09-25 07:38:04','Ingreso','192.168.133.128','DAVID',_binary ''),(460,4,1,'2025-09-25 07:38:37','Asignación Aplicación a Usuario - Agregar','192.168.133.128','DAVID',_binary ''),(461,4,1,'2025-09-25 07:38:41','Asignación Aplicación a Usuario - Insertar','192.168.133.128','DAVID',_binary ''),(462,4,NULL,'2025-09-25 07:38:48','Cierre de sesión','192.168.133.128','DAVID',_binary '\0'),(463,16,NULL,'2025-09-25 07:39:15','Ingreso','192.168.133.128','DAVID',_binary ''),(464,4,NULL,'2025-09-25 07:40:55','Ingreso','192.168.178.223','DOMITS',_binary ''),(465,16,NULL,'2025-09-25 07:41:16','Cierre de sesión','192.168.133.128','DAVID',_binary '\0'),(466,12,NULL,'2025-09-25 07:41:56','Ingreso','192.168.133.128','DAVID',_binary ''),(467,12,NULL,'2025-09-25 07:42:30','Ingreso','192.168.140.58','RICARDO',_binary ''),(468,12,NULL,'2025-09-25 07:42:37','Asignación Aplicación a Usuario - Agregar','192.168.133.128','DAVID',_binary ''),(469,12,NULL,'2025-09-25 07:42:42','Asignación Aplicación a Usuario - Insertar','192.168.133.128','DAVID',_binary ''),(470,12,NULL,'2025-09-25 07:43:08','Asignación Aplicación a Usuario - Agregar','192.168.133.128','DAVID',_binary ''),(471,12,NULL,'2025-09-25 07:43:36','Asignación Aplicación a Usuario - Insertar','192.168.133.128','DAVID',_binary ''),(472,12,NULL,'2025-09-25 07:43:45','Cierre de sesión','192.168.133.128','DAVID',_binary '\0'),(473,12,NULL,'2025-09-25 07:43:55','Cierre de sesión','192.168.133.128','DAVID',_binary '\0'),(474,12,NULL,'2025-09-25 07:44:07','Cierre de sesión','192.168.140.58','RICARDO',_binary '\0'),(475,16,NULL,'2025-09-25 07:44:13','Ingreso','192.168.133.128','DAVID',_binary ''),(476,16,NULL,'2025-09-25 07:44:46','Cierre de sesión','192.168.133.128','DAVID',_binary '\0'),(477,12,NULL,'2025-09-25 07:45:27','Ingreso','192.168.133.128','DAVID',_binary ''),(478,12,3,'2025-09-25 07:46:18','Asignación Aplicación a Usuario - Agregar','192.168.133.128','DAVID',_binary ''),(479,12,3,'2025-09-25 07:46:23','Asignación Aplicación a Usuario - Insertar','192.168.133.128','DAVID',_binary ''),(480,12,NULL,'2025-09-25 07:46:43','Asignación Aplicación a Usuario - Agregar','192.168.133.128','DAVID',_binary ''),(481,12,NULL,'2025-09-25 07:46:56','Asignación Aplicación a Usuario - Actualizar','192.168.133.128','DAVID',_binary ''),(482,12,NULL,'2025-09-25 07:47:05','Cierre de sesión','192.168.133.128','DAVID',_binary '\0'),(483,4,NULL,'2025-09-25 07:47:04','Ingreso','192.168.178.223','DOMITS',_binary ''),(484,16,NULL,'2025-09-25 07:47:27','Ingreso','192.168.133.128','DAVID',_binary ''),(485,4,1,'2025-09-25 07:54:26','Guardar módulo','192.168.178.223','DOMITS',_binary ''),(486,4,1,'2025-09-25 07:54:55','Guardar módulo','192.168.178.223','DOMITS',_binary ''),(487,12,NULL,'2025-09-25 07:55:54','Ingreso','192.168.150.99','LAPTOP-6C415UB3',_binary ''),(488,12,NULL,'2025-09-25 07:56:17','Cierre de sesión','192.168.150.99','LAPTOP-6C415UB3',_binary '\0'),(489,4,1,'2025-09-25 07:56:59','Guardar módulo','192.168.178.223','DOMITS',_binary ''),(490,12,NULL,'2025-09-25 07:57:20','Ingreso','192.168.151.174','LUCHCODEDEV',_binary ''),(491,12,1,'2025-09-25 07:58:17','Guardar usuario','192.168.151.174','LUCHCODEDEV',_binary ''),(492,12,NULL,'2025-09-25 07:58:23','Cierre de sesión','192.168.151.174','LUCHCODEDEV',_binary '\0'),(493,17,NULL,'2025-09-25 07:58:48','Ingreso','192.168.151.174','LUCHCODEDEV',_binary ''),(494,17,NULL,'2025-09-25 07:59:08','Cierre de sesión','192.168.151.174','LUCHCODEDEV',_binary '\0'),(495,16,NULL,'2025-09-25 07:59:25','Guardar empleado','192.168.133.128','DAVID',_binary ''),(496,12,NULL,'2025-09-25 07:59:29','Ingreso','192.168.151.174','LUCHCODEDEV',_binary ''),(497,16,NULL,'2025-09-25 07:59:44','Eliminar empleado','192.168.133.128','DAVID',_binary ''),(498,12,NULL,'2025-09-25 08:00:17','Asignación Aplicación a Usuario - Agregar','192.168.151.174','LUCHCODEDEV',_binary ''),(499,12,NULL,'2025-09-25 08:00:24','Asignación Aplicación a Usuario - Insertar','192.168.151.174','LUCHCODEDEV',_binary ''),(500,12,NULL,'2025-09-25 08:00:31','Cierre de sesión','192.168.151.174','LUCHCODEDEV',_binary '\0'),(501,17,NULL,'2025-09-25 08:00:55','Ingreso','192.168.151.174','LUCHCODEDEV',_binary ''),(502,17,NULL,'2025-09-25 08:02:06','Cierre de sesión','192.168.151.174','LUCHCODEDEV',_binary '\0'),(503,12,NULL,'2025-09-25 08:02:31','Ingreso','192.168.151.174','LUCHCODEDEV',_binary ''),(504,12,NULL,'2025-09-25 08:03:36','Ingreso','192.168.150.99','LAPTOP-6C415UB3',_binary ''),(505,12,NULL,'2025-09-25 08:04:07','Asignación Aplicación a Usuario - Agregar','192.168.151.174','LUCHCODEDEV',_binary ''),(506,12,NULL,'2025-09-25 08:06:51','Asignación Aplicación a Usuario - Insertar','192.168.151.174','LUCHCODEDEV',_binary ''),(507,12,NULL,'2025-09-25 08:06:58','Cierre de sesión','192.168.151.174','LUCHCODEDEV',_binary '\0'),(508,12,NULL,'2025-09-25 08:07:51','Cierre de sesión','192.168.150.99','LAPTOP-6C415UB3',_binary '\0'),(509,17,NULL,'2025-09-25 08:08:36','Ingreso','10.38.176.1','LUCHCODEDEV',_binary ''),(510,17,NULL,'2025-09-25 08:11:21','Cierre de sesión','10.38.176.1','LUCHCODEDEV',_binary '\0'),(511,12,NULL,'2025-09-25 08:11:59','Ingreso','10.38.176.1','LUCHCODEDEV',_binary ''),(512,12,NULL,'2025-09-25 08:16:03','Asignación Aplicación a Usuario - Actualizar','10.38.176.1','LUCHCODEDEV',_binary ''),(513,12,NULL,'2025-09-25 08:16:08','Asignación Aplicación a Usuario - Actualizar','10.38.176.1','LUCHCODEDEV',_binary ''),(514,12,NULL,'2025-09-25 08:18:12','Cierre de sesión','10.38.176.1','LUCHCODEDEV',_binary '\0'),(515,4,NULL,'2025-09-25 08:18:26','Ingreso','192.168.178.223','DOMITS',_binary ''),(516,17,NULL,'2025-09-25 08:18:55','Ingreso','10.38.176.1','LUCHCODEDEV',_binary ''),(517,17,NULL,'2025-09-25 08:19:49','Cierre de sesión','10.38.176.1','LUCHCODEDEV',_binary '\0'),(518,12,NULL,'2025-09-25 08:20:11','Ingreso','10.38.176.1','LUCHCODEDEV',_binary ''),(519,4,NULL,'2025-09-25 08:20:39','Ingreso','192.168.178.223','DOMITS',_binary ''),(520,12,NULL,'2025-09-25 08:20:43','Asignación Aplicación a Usuario - Agregar','10.38.176.1','LUCHCODEDEV',_binary ''),(521,12,NULL,'2025-09-25 08:21:00','Asignación Aplicación a Usuario - Actualizar','10.38.176.1','LUCHCODEDEV',_binary ''),(522,12,NULL,'2025-09-25 08:21:10','Cierre de sesión','10.38.176.1','LUCHCODEDEV',_binary '\0'),(523,17,NULL,'2025-09-25 08:21:42','Ingreso','10.38.176.1','LUCHCODEDEV',_binary ''),(524,17,NULL,'2025-09-25 08:23:23','Cierre de sesión','10.38.176.1','LUCHCODEDEV',_binary '\0'),(525,16,NULL,'2025-09-25 08:24:03','Ingreso','192.168.133.128','DAVID',_binary ''),(526,12,NULL,'2025-09-25 08:24:30','Ingreso','10.38.176.1','LUCHCODEDEV',_binary ''),(527,12,NULL,'2025-09-25 08:24:57','Ingreso','10.38.176.1','LUCHCODEDEV',_binary ''),(528,12,NULL,'2025-09-25 08:27:15','Cierre de sesión','10.38.176.1','LUCHCODEDEV',_binary '\0'),(529,4,NULL,'2025-09-25 08:28:06','Ingreso','192.168.178.223','DOMITS',_binary ''),(530,2,NULL,'2025-09-25 08:28:38','Ingreso','192.168.56.1','DESKTOP-6VKCMBO',_binary ''),(531,4,NULL,'2025-09-25 08:28:54','Ingreso','192.168.178.223','DOMITS',_binary ''),(532,4,NULL,'2025-09-25 08:29:37','Ingreso','192.168.140.58','RICARDO',_binary ''),(533,4,NULL,'2025-09-25 08:29:53','Ingreso','192.168.178.223','DOMITS',_binary ''),(534,4,NULL,'2025-09-25 08:31:51','Ingreso','192.168.56.1','DESKTOP-6VKCMBO',_binary ''),(535,4,5,'2025-09-25 08:32:37','Asignación Aplicación a Usuario - Agregar','192.168.140.58','RICARDO',_binary ''),(536,4,NULL,'2025-09-25 08:33:04','Asignación Aplicación a Usuario - Agregar','192.168.140.58','RICARDO',_binary ''),(537,4,NULL,'2025-09-25 08:33:23','Asignación Aplicación a Usuario - Agregar','192.168.140.58','RICARDO',_binary ''),(538,4,5,'2025-09-25 08:34:02','Asignación Aplicación a Usuario - Insertar','192.168.140.58','RICARDO',_binary ''),(539,4,NULL,'2025-09-25 08:34:04','Asignación Aplicación a Usuario - Insertar','192.168.140.58','RICARDO',_binary ''),(540,4,NULL,'2025-09-25 08:34:07','Asignación Aplicación a Usuario - Insertar','192.168.140.58','RICARDO',_binary ''),(541,12,NULL,'2025-09-25 08:34:58','Ingreso','192.168.150.99','LAPTOP-6C415UB3',_binary ''),(542,12,1,'2025-09-25 08:36:13','Guardar usuario','192.168.150.99','LAPTOP-6C415UB3',_binary ''),(543,12,NULL,'2025-09-25 08:36:16','Cierre de sesión','192.168.150.99','LAPTOP-6C415UB3',_binary '\0'),(544,1,NULL,'2025-09-25 08:37:07','Recuperar contraseña','192.168.150.99','LAPTOP-6C415UB3',_binary ''),(545,1,NULL,'2025-09-25 08:37:17','Ingreso','192.168.150.99','LAPTOP-6C415UB3',_binary ''),(546,4,NULL,'2025-09-25 08:46:36','Ingreso','192.168.178.223','DOMITS',_binary ''),(547,4,NULL,'2025-09-25 08:53:38','Ingreso','192.168.178.223','DOMITS',_binary ''),(548,4,NULL,'2025-09-25 10:28:35','Ingreso','192.168.140.58','RICARDO',_binary ''),(549,4,NULL,'2025-09-25 10:28:52','Cierre de sesión','192.168.140.58','RICARDO',_binary '\0'),(550,4,NULL,'2025-09-25 10:29:20','Ingreso','192.168.140.58','RICARDO',_binary ''),(551,4,1,'2025-09-25 10:30:23','Guardar usuario','192.168.140.58','RICARDO',_binary ''),(552,4,NULL,'2025-09-25 10:30:31','Cierre de sesión','192.168.140.58','RICARDO',_binary '\0'),(553,19,NULL,'2025-09-25 10:31:05','Ingreso','192.168.140.58','RICARDO',_binary ''),(554,19,NULL,'2025-09-25 10:31:20','Cierre de sesión','192.168.140.58','RICARDO',_binary '\0'),(555,4,NULL,'2025-09-25 10:31:44','Ingreso','192.168.140.58','RICARDO',_binary ''),(556,4,5,'2025-09-25 10:32:21','Asignación Aplicación a Usuario - Agregar','192.168.140.58','RICARDO',_binary ''),(557,4,5,'2025-09-25 10:32:49','Asignación Aplicación a Usuario - Insertar','192.168.140.58','RICARDO',_binary ''),(558,4,NULL,'2025-09-25 10:32:58','Cierre de sesión','192.168.140.58','RICARDO',_binary '\0'),(559,19,NULL,'2025-09-25 10:33:23','Ingreso','192.168.140.58','RICARDO',_binary ''),(560,19,NULL,'2025-09-25 10:36:00','Cierre de sesión','192.168.140.58','RICARDO',_binary '\0'),(561,4,NULL,'2025-09-25 10:36:44','Ingreso','192.168.140.58','RICARDO',_binary ''),(562,4,1,'2025-09-25 10:37:22','Guardar usuario','192.168.140.58','RICARDO',_binary ''),(563,4,NULL,'2025-09-25 10:38:19','Asignación Aplicación a Usuario - Agregar','192.168.140.58','RICARDO',_binary ''),(564,4,NULL,'2025-09-25 10:38:33','Asignación Aplicación a Usuario - Insertar','192.168.140.58','RICARDO',_binary ''),(565,4,NULL,'2025-09-25 10:38:45','Cierre de sesión','192.168.140.58','RICARDO',_binary '\0'),(566,20,NULL,'2025-09-25 10:39:30','Ingreso','192.168.140.58','RICARDO',_binary ''),(567,20,NULL,'2025-09-25 10:39:59','Cierre de sesión','192.168.140.58','RICARDO',_binary '\0'),(568,16,NULL,'2025-09-25 10:40:21','Ingreso','192.168.140.58','RICARDO',_binary ''),(569,4,NULL,'2025-09-25 12:02:16','Ingreso','192.168.1.7','RICARDO',_binary ''),(570,19,NULL,'2025-09-25 12:13:17','Ingreso','192.168.1.7','RICARDO',_binary ''),(571,12,NULL,'2025-09-25 15:32:51','Ingreso','192.168.1.4','LAPTOP-6C415UB3',_binary ''),(572,12,NULL,'2025-09-25 15:33:33','Cierre de sesión','192.168.1.4','LAPTOP-6C415UB3',_binary '\0'),(573,4,NULL,'2025-09-25 15:35:30','Ingreso','192.168.137.1','COMPU_CESAR',_binary ''),(574,12,NULL,'2025-09-25 15:35:38','Ingreso','192.168.1.4','LAPTOP-6C415UB3',_binary ''),(575,12,1,'2025-09-25 15:36:08','Guardar usuario','192.168.1.4','LAPTOP-6C415UB3',_binary ''),(576,4,NULL,'2025-09-25 15:46:49','Ingreso','192.168.137.1','COMPU_CESAR',_binary ''),(577,16,NULL,'2025-09-25 16:02:18','Ingreso','192.168.1.11','DAVID',_binary ''),(578,16,NULL,'2025-09-25 16:02:56','Modificar empleado','192.168.1.11','DAVID',_binary ''),(579,16,NULL,'2025-09-25 16:03:06','Cierre de sesión','192.168.1.11','DAVID',_binary '\0'),(580,4,NULL,'2025-09-25 16:03:44','Ingreso','192.168.137.1','COMPU_CESAR',_binary ''),(581,7,NULL,'2025-09-25 17:25:34','Ingreso','192.168.1.102','LUCHCODEDEV',_binary ''),(582,4,NULL,'2025-09-25 17:38:54','Ingreso','192.168.137.1','COMPU_CESAR',_binary ''),(583,4,1,'2025-09-25 17:39:57','Modificar aplicación','192.168.137.1','COMPU_CESAR',_binary ''),(584,4,NULL,'2025-09-25 17:46:24','Cierre de sesión','192.168.137.1','COMPU_CESAR',_binary '\0'),(585,2,NULL,'2025-09-25 17:54:46','Ingreso','192.168.56.1','DESKTOP-6VKCMBO',_binary ''),(586,4,NULL,'2025-09-25 18:17:02','Ingreso','192.168.56.1','DESKTOP-6VKCMBO',_binary ''),(587,4,NULL,'2025-09-25 18:17:41','Asignación Permisos Perfil - Agregar','192.168.56.1','DESKTOP-6VKCMBO',_binary ''),(588,4,NULL,'2025-09-25 18:18:00','Asignación aplicación a perfil - Insertar','192.168.56.1','DESKTOP-6VKCMBO',_binary ''),(589,4,1,'2025-09-25 18:19:34','Asignación Aplicación a Usuario - Agregar','192.168.56.1','DESKTOP-6VKCMBO',_binary ''),(590,4,1,'2025-09-25 18:19:58','Asignación Aplicación a Usuario - Insertar','192.168.56.1','DESKTOP-6VKCMBO',_binary ''),(591,2,NULL,'2025-09-25 18:20:43','Ingreso','192.168.56.1','DESKTOP-6VKCMBO',_binary ''),(592,2,NULL,'2025-09-25 18:23:47','Ingreso','192.168.56.1','DESKTOP-6VKCMBO',_binary ''),(593,2,NULL,'2025-09-25 18:37:08','Ingreso','192.168.56.1','DESKTOP-6VKCMBO',_binary ''),(594,4,NULL,'2025-09-25 18:38:33','Ingreso','192.168.56.1','DESKTOP-6VKCMBO',_binary ''),(595,2,NULL,'2025-09-25 18:52:05','Ingreso','192.168.56.1','DESKTOP-6VKCMBO',_binary ''),(596,2,NULL,'2025-09-25 18:54:38','Ingreso','192.168.56.1','DESKTOP-6VKCMBO',_binary ''),(597,12,NULL,'2025-09-25 18:56:23','Ingreso','192.168.1.4','LAPTOP-6C415UB3',_binary ''),(598,4,NULL,'2025-09-25 18:56:54','Ingreso','192.168.137.1','COMPU_CESAR',_binary ''),(599,4,1,'2025-09-25 18:58:55','Modificar aplicación','192.168.137.1','COMPU_CESAR',_binary ''),(600,4,NULL,'2025-09-25 19:00:14','Cierre de sesión','192.168.137.1','COMPU_CESAR',_binary '\0'),(601,2,NULL,'2025-09-25 19:05:22','Ingreso','192.168.56.1','DESKTOP-6VKCMBO',_binary ''),(602,2,NULL,'2025-09-25 19:06:53','Ingreso','192.168.56.1','DESKTOP-6VKCMBO',_binary ''),(603,4,NULL,'2025-09-25 20:21:29','Ingreso','192.168.137.1','COMPU_CESAR',_binary ''),(604,4,NULL,'2025-09-25 20:45:09','Ingreso','192.168.137.1','COMPU_CESAR',_binary ''),(605,4,NULL,'2025-09-25 20:46:48','Ingreso','192.168.137.1','COMPU_CESAR',_binary ''),(606,4,NULL,'2025-09-25 20:47:09','Cierre de sesión','192.168.137.1','COMPU_CESAR',_binary '\0'),(607,4,NULL,'2025-09-25 20:55:59','Ingreso','192.168.137.1','COMPU_CESAR',_binary ''),(608,7,NULL,'2025-09-25 21:21:27','Ingreso','192.168.1.102','LUCHCODEDEV',_binary ''),(609,4,NULL,'2025-09-25 21:21:56','Ingreso','192.168.137.1','COMPU_CESAR',_binary ''),(610,2,NULL,'2025-09-25 21:22:58','Ingreso','192.168.137.1','COMPU_CESAR',_binary ''),(611,2,NULL,'2025-09-25 21:23:17','Cierre de sesión','192.168.137.1','COMPU_CESAR',_binary '\0'),(612,7,NULL,'2025-09-25 21:23:21','Cierre de sesión','192.168.1.102','LUCHCODEDEV',_binary '\0'),(613,7,NULL,'2025-09-25 21:24:02','Ingreso','192.168.1.102','LUCHCODEDEV',_binary ''),(614,2,NULL,'2025-09-25 21:31:26','Ingreso','192.168.137.1','COMPU_CESAR',_binary ''),(615,2,NULL,'2025-09-25 21:32:08','Cierre de sesión','192.168.137.1','COMPU_CESAR',_binary '\0'),(616,5,NULL,'2025-09-25 21:36:34','Ingreso','192.168.1.55','BELY',_binary ''),(617,5,NULL,'2025-09-25 21:36:58','Cierre de sesión','192.168.1.55','BELY',_binary '\0'),(618,12,NULL,'2025-09-25 21:37:20','Ingreso','192.168.1.55','BELY',_binary ''),(619,12,NULL,'2025-09-25 21:38:10','Asignación Aplicación a Usuario - Agregar','192.168.1.55','BELY',_binary ''),(620,12,NULL,'2025-09-25 21:38:29','Asignación Aplicación a Usuario - Insertar','192.168.1.55','BELY',_binary ''),(621,12,NULL,'2025-09-25 21:38:58','Cierre de sesión','192.168.1.55','BELY',_binary '\0'),(622,5,NULL,'2025-09-25 21:39:09','Ingreso','192.168.1.55','BELY',_binary ''),(623,5,NULL,'2025-09-25 21:39:41','Cierre de sesión','192.168.1.55','BELY',_binary '\0'),(624,12,NULL,'2025-09-25 21:39:56','Ingreso','192.168.1.55','BELY',_binary ''),(625,12,NULL,'2025-09-25 21:45:41','Cierre de sesión','192.168.1.55','BELY',_binary '\0'),(626,2,NULL,'2025-09-26 15:13:16','Ingreso','192.168.137.1','COMPU_CESAR',_binary ''),(627,2,NULL,'2025-09-26 15:20:57','Ingreso','192.168.137.1','COMPU_CESAR',_binary ''),(628,2,NULL,'2025-09-26 15:21:51','Cierre de sesión','192.168.137.1','COMPU_CESAR',_binary '\0'),(629,2,NULL,'2025-09-26 15:32:53','Ingreso','192.168.137.1','COMPU_CESAR',_binary ''),(630,2,NULL,'2025-09-26 15:33:13','Ingreso','192.168.137.1','COMPU_CESAR',_binary ''),(631,2,NULL,'2025-09-26 15:52:25','Ingreso','192.168.137.1','COMPU_CESAR',_binary ''),(632,2,1,'2025-09-26 15:52:56','Cierre de aplicación','192.168.137.1','COMPU_CESAR',_binary ''),(633,4,NULL,'2025-09-26 15:54:21','Ingreso','192.168.137.1','COMPU_CESAR',_binary ''),(634,4,NULL,'2025-09-26 15:56:37','Cierre de sesión','192.168.137.1','COMPU_CESAR',_binary '\0'),(635,2,NULL,'2025-09-26 16:05:59','Ingreso','192.168.137.1','COMPU_CESAR',_binary ''),(636,2,NULL,'2025-09-26 16:06:46','Cierre de sesión','192.168.137.1','COMPU_CESAR',_binary '\0'),(637,2,NULL,'2025-09-26 16:07:38','Ingreso','192.168.137.1','COMPU_CESAR',_binary ''),(638,2,NULL,'2025-09-26 16:08:09','Cierre de sesión','192.168.137.1','COMPU_CESAR',_binary '\0'),(639,12,NULL,'2025-09-26 18:57:50','Ingreso','192.168.1.102','LUCHCODEDEV',_binary ''),(640,12,NULL,'2025-09-26 18:57:58','Cierre de sesión','192.168.1.102','LUCHCODEDEV',_binary '\0'),(641,12,NULL,'2025-09-26 18:58:01','Cierre de sesión','192.168.1.102','LUCHCODEDEV',_binary '\0'),(642,10,NULL,'2025-09-26 18:59:56','Ingreso','192.168.56.1','DESKTOP-6VKCMBO',_binary ''),(643,10,NULL,'2025-09-26 19:00:25','Cierre de sesión','192.168.56.1','DESKTOP-6VKCMBO',_binary '\0'),(644,2,NULL,'2025-09-26 19:11:53','Ingreso','192.168.56.1','DESKTOP-6VKCMBO',_binary ''),(645,2,NULL,'2025-09-26 19:24:41','Ingreso','192.168.56.1','DESKTOP-6VKCMBO',_binary ''),(646,2,NULL,'2025-09-26 19:48:48','Ingreso','192.168.56.1','DESKTOP-6VKCMBO',_binary ''),(647,10,NULL,'2025-09-26 19:49:43','Ingreso','192.168.56.1','DESKTOP-6VKCMBO',_binary ''),(648,4,NULL,'2025-09-26 20:36:34','Ingreso','192.168.137.1','COMPU_CESAR',_binary ''),(649,4,NULL,'2025-09-26 20:37:47','Guardar empleado','192.168.137.1','COMPU_CESAR',_binary ''),(650,4,1,'2025-09-26 20:39:00','Guardar usuario','192.168.137.1','COMPU_CESAR',_binary ''),(651,2,NULL,'2025-09-26 20:41:50','Ingreso','192.168.56.1','DESKTOP-6VKCMBO',_binary ''),(652,2,1,'2025-09-26 20:42:35','Asignación Perfil a Usuario - Agregar','192.168.56.1','DESKTOP-6VKCMBO',_binary ''),(653,2,1,'2025-09-26 20:42:41','Asignación Perfil a Usuario - Guardar','192.168.56.1','DESKTOP-6VKCMBO',_binary ''),(654,4,NULL,'2025-09-26 20:45:05','Ingreso','192.168.56.1','DESKTOP-01DDSQ2',_binary ''),(655,2,NULL,'2025-09-26 20:45:34','Cierre de sesión','192.168.56.1','DESKTOP-6VKCMBO',_binary '\0'),(656,4,1,'2025-09-26 20:45:56','Guardar usuario','192.168.56.1','DESKTOP-01DDSQ2',_binary ''),(657,4,1,'2025-09-26 20:46:36','Asignación Perfil a Usuario - Agregar','192.168.137.1','COMPU_CESAR',_binary ''),(658,10,NULL,'2025-09-26 20:46:44','Ingreso','192.168.56.1','DESKTOP-6VKCMBO',_binary ''),(659,4,1,'2025-09-26 20:46:46','Asignación Perfil a Usuario - Guardar','192.168.137.1','COMPU_CESAR',_binary ''),(660,4,5,'2025-09-26 20:48:25','Asignación Aplicación a Usuario - Agregar','192.168.56.1','DESKTOP-01DDSQ2',_binary ''),(661,4,NULL,'2025-09-26 20:48:47','Asignación Aplicación a Usuario - Agregar','192.168.56.1','DESKTOP-01DDSQ2',_binary ''),(662,4,NULL,'2025-09-26 20:49:00','Asignación Aplicación a Usuario - Agregar','192.168.56.1','DESKTOP-01DDSQ2',_binary ''),(663,4,5,'2025-09-26 20:49:17','Asignación Aplicación a Usuario - Insertar','192.168.56.1','DESKTOP-01DDSQ2',_binary ''),(664,4,NULL,'2025-09-26 20:49:19','Asignación Aplicación a Usuario - Insertar','192.168.56.1','DESKTOP-01DDSQ2',_binary ''),(665,4,NULL,'2025-09-26 20:49:23','Asignación Aplicación a Usuario - Insertar','192.168.56.1','DESKTOP-01DDSQ2',_binary ''),(666,4,NULL,'2025-09-26 20:49:28','Cierre de sesión','192.168.56.1','DESKTOP-01DDSQ2',_binary '\0'),(667,4,NULL,'2025-09-26 20:49:31','Cierre de sesión','192.168.56.1','DESKTOP-01DDSQ2',_binary '\0'),(668,23,NULL,'2025-09-26 20:50:16','Ingreso','192.168.56.1','DESKTOP-01DDSQ2',_binary ''),(669,4,5,'2025-09-26 20:50:44','Asignación Aplicación a Usuario - Agregar','192.168.137.1','COMPU_CESAR',_binary ''),(670,4,5,'2025-09-26 20:51:00','Asignación Aplicación a Usuario - Insertar','192.168.137.1','COMPU_CESAR',_binary ''),(671,23,NULL,'2025-09-26 20:53:57','Asignación Aplicación a Usuario - Actualizar','192.168.56.1','DESKTOP-01DDSQ2',_binary ''),(672,23,5,'2025-09-26 20:54:02','Asignación Aplicación a Usuario - Actualizar','192.168.56.1','DESKTOP-01DDSQ2',_binary ''),(673,23,NULL,'2025-09-26 20:54:09','Asignación Aplicación a Usuario - Actualizar','192.168.56.1','DESKTOP-01DDSQ2',_binary ''),(674,23,NULL,'2025-09-26 20:55:38','Cierre de sesión','192.168.56.1','DESKTOP-01DDSQ2',_binary '\0'),(675,4,NULL,'2025-09-26 20:55:42','Cierre de sesión','192.168.137.1','COMPU_CESAR',_binary '\0'),(676,4,NULL,'2025-09-26 20:55:45','Cierre de sesión','192.168.137.1','COMPU_CESAR',_binary '\0'),(677,22,NULL,'2025-09-26 20:56:10','Ingreso','192.168.137.1','COMPU_CESAR',_binary ''),(678,22,NULL,'2025-09-26 20:56:51','Cierre de sesión','192.168.137.1','COMPU_CESAR',_binary '\0'),(679,22,NULL,'2025-09-26 20:56:54','Cierre de sesión','192.168.137.1','COMPU_CESAR',_binary '\0'),(680,4,NULL,'2025-09-26 21:00:07','Ingreso','192.168.137.1','COMPU_CESAR',_binary ''),(681,4,5,'2025-09-26 21:02:19','Asignación Aplicación a Usuario - Agregar','192.168.137.1','COMPU_CESAR',_binary ''),(682,4,5,'2025-09-26 21:02:34','Asignación Aplicación a Usuario - Actualizar','192.168.137.1','COMPU_CESAR',_binary ''),(683,22,NULL,'2025-09-26 21:03:05','Ingreso','192.168.137.1','COMPU_CESAR',_binary ''),(684,10,NULL,'2025-09-26 21:08:44','Cierre de sesión','192.168.56.1','DESKTOP-6VKCMBO',_binary '\0'),(685,22,NULL,'2025-09-26 21:14:20','Ingreso','192.168.137.1','COMPU_CESAR',_binary ''),(686,22,1,'2025-09-26 21:14:53','Asignación Perfil a Usuario - Guardar','192.168.137.1','COMPU_CESAR',_binary ''),(687,22,NULL,'2025-09-26 21:18:42','Ingreso','192.168.137.1','COMPU_CESAR',_binary ''),(688,22,NULL,'2025-09-26 21:20:13','Cierre de sesión','192.168.137.1','COMPU_CESAR',_binary '\0'),(689,23,NULL,'2025-09-26 21:20:31','Ingreso','192.168.137.1','COMPU_CESAR',_binary ''),(690,22,NULL,'2025-09-26 21:26:53','Ingreso','192.168.137.1','COMPU_CESAR',_binary ''),(691,22,NULL,'2025-09-26 21:34:52','Ingreso','192.168.137.1','COMPU_CESAR',_binary ''),(692,22,NULL,'2025-09-26 22:04:17','Ingreso','192.168.56.1','DESKTOP-6VKCMBO',_binary ''),(693,22,NULL,'2025-09-26 22:06:34','Ingreso','192.168.56.1','DESKTOP-6VKCMBO',_binary ''),(694,23,NULL,'2025-09-27 08:57:33','Ingreso','192.168.56.1','SONNY',_binary ''),(695,23,5,'2025-09-27 09:02:42','Guardar empleado','192.168.56.1','SONNY',_binary ''),(696,23,NULL,'2025-09-27 09:02:53','Ingreso','192.168.56.1','DESKTOP-BVMTMU2',_binary ''),(697,23,NULL,'2025-09-27 09:04:13','Ingreso','192.168.56.1','SONNY',_binary ''),(698,23,5,'2025-09-27 09:06:59','Guardar empleado','192.168.56.1','DESKTOP-BVMTMU2',_binary ''),(699,23,1,'2025-09-27 09:10:25','Guardar usuario','192.168.56.1','SONNY',_binary ''),(700,23,5,'2025-09-27 09:11:43','Guardar empleado','192.168.56.1','DESKTOP-BVMTMU2',_binary ''),(701,23,1,'2025-09-27 09:15:24','Guardar usuario','192.168.56.1','SONNY',_binary ''),(702,23,1,'2025-09-27 09:19:58','Guardar usuario','192.168.56.1','SONNY',_binary ''),(703,23,NULL,'2025-09-27 09:23:24','Cierre de sesión','192.168.56.1','SONNY',_binary '\0'),(704,24,NULL,'2025-09-27 09:23:46','Ingreso','192.168.56.1','SONNY',_binary ''),(705,24,NULL,'2025-09-27 09:25:40','Cambio de contraseña','192.168.56.1','SONNY',_binary ''),(706,24,NULL,'2025-09-27 09:25:51','Cierre de sesión','192.168.56.1','SONNY',_binary '\0'),(707,24,NULL,'2025-09-27 09:26:24','Ingreso','192.168.56.1','SONNY',_binary ''),(708,24,NULL,'2025-09-27 09:26:44','Cambio de contraseña','192.168.56.1','SONNY',_binary ''),(709,23,5,'2025-09-27 09:26:44','Guardar empleado','192.168.56.1','DESKTOP-BVMTMU2',_binary ''),(710,24,NULL,'2025-09-27 09:29:14','Cambio de contraseña','192.168.56.1','SONNY',_binary ''),(711,24,NULL,'2025-09-27 09:29:17','Cierre de sesión','192.168.56.1','SONNY',_binary '\0'),(712,23,NULL,'2025-09-27 09:30:07','Ingreso','192.168.56.1','SONNY',_binary ''),(713,23,1,'2025-09-27 09:36:36','Guardar módulo','192.168.56.1','DESKTOP-BVMTMU2',_binary ''),(714,23,1,'2025-09-27 09:36:58','Guardar módulo','192.168.56.1','DESKTOP-BVMTMU2',_binary ''),(715,23,1,'2025-09-27 09:38:41','Guardar módulo','192.168.56.1','DESKTOP-BVMTMU2',_binary ''),(716,23,1,'2025-09-27 09:38:54','Guardar módulo','192.168.56.1','DESKTOP-BVMTMU2',_binary ''),(717,23,1,'2025-09-27 09:42:28','Guardar aplicación','192.168.56.1','DESKTOP-BVMTMU2',_binary ''),(718,23,1,'2025-09-27 09:42:36','Guardar usuario','192.168.56.1','SONNY',_binary ''),(719,23,1,'2025-09-27 09:42:58','Guardar usuario','192.168.56.1','SONNY',_binary ''),(720,23,NULL,'2025-09-27 09:43:54','Ingreso','192.168.1.14','FER',_binary ''),(721,23,NULL,'2025-09-27 09:44:43','Ingreso','192.168.1.14','FER',_binary ''),(722,23,NULL,'2025-09-27 09:44:52','Ingreso','192.168.56.1','DESKTOP-BVMTMU2',_binary ''),(723,23,NULL,'2025-09-27 09:45:44','Ingreso','192.168.1.14','FER',_binary ''),(724,23,NULL,'2025-09-27 09:46:44','Ingreso','192.168.56.1','SONNY',_binary ''),(725,23,NULL,'2025-09-27 09:47:56','Ingreso','192.168.56.1','DESKTOP-BVMTMU2',_binary ''),(726,23,1,'2025-09-27 09:52:42','Guardar perfil','192.168.56.1','DESKTOP-BVMTMU2',_binary ''),(727,23,1,'2025-09-27 09:53:04','Eliminar perfil','192.168.56.1','DESKTOP-BVMTMU2',_binary ''),(728,23,1,'2025-09-27 09:53:38','Guardar perfil','192.168.56.1','DESKTOP-BVMTMU2',_binary ''),(729,23,1,'2025-09-27 09:54:15','Modificar perfil','192.168.56.1','DESKTOP-BVMTMU2',_binary ''),(730,23,1,'2025-09-27 09:54:26','Modificar perfil','192.168.56.1','DESKTOP-BVMTMU2',_binary ''),(731,23,1,'2025-09-27 09:57:15','Guardar perfil','192.168.56.1','DESKTOP-BVMTMU2',_binary ''),(732,23,NULL,'2025-09-27 10:00:13','Ingreso','192.168.1.14','FER',_binary ''),(733,23,9,'2025-09-27 10:02:40','Asignación Aplicación a Usuario - Agregar','192.168.56.1','DESKTOP-BVMTMU2',_binary ''),(734,23,9,'2025-09-27 10:02:58','Asignación Aplicación a Usuario - Insertar','192.168.56.1','DESKTOP-BVMTMU2',_binary ''),(735,23,NULL,'2025-09-27 10:03:24','Ingreso','192.168.1.14','FER',_binary ''),(736,23,NULL,'2025-09-27 10:03:29','Asignación Aplicación a Usuario - Quitar','192.168.56.1','DESKTOP-BVMTMU2',_binary ''),(737,23,9,'2025-09-27 10:03:37','Asignación Aplicación a Usuario - Quitar','192.168.56.1','DESKTOP-BVMTMU2',_binary ''),(738,23,1,'2025-09-27 10:04:06','Asignación Perfil a Usuario - Guardar','192.168.56.1','DESKTOP-BVMTMU2',_binary ''),(739,23,1,'2025-09-27 10:04:09','Asignación Perfil a Usuario - Guardar','192.168.56.1','DESKTOP-BVMTMU2',_binary ''),(740,23,1,'2025-09-27 10:04:20','Asignación Perfil a Usuario - Guardar','192.168.56.1','DESKTOP-BVMTMU2',_binary ''),(741,23,NULL,'2025-09-27 10:05:13','Cierre de sesión','192.168.56.1','SONNY',_binary '\0'),(742,23,1,'2025-09-27 10:05:02','Asignación Perfil a Usuario - Agregar','192.168.56.1','DESKTOP-BVMTMU2',_binary ''),(743,23,1,'2025-09-27 10:05:22','Asignación Perfil a Usuario - Guardar','192.168.56.1','DESKTOP-BVMTMU2',_binary ''),(744,23,1,'2025-09-27 10:05:32','Asignación Perfil a Usuario - Agregar','192.168.56.1','DESKTOP-BVMTMU2',_binary ''),(745,23,NULL,'2025-09-27 10:06:02','Cierre de sesión','192.168.56.1','SONNY',_binary '\0'),(746,23,5,'2025-09-27 10:08:04','Guardar empleado','192.168.1.14','FER',_binary ''),(747,24,NULL,'2025-09-27 10:08:05','Ingreso','192.168.56.1','SONNY',_binary ''),(748,24,NULL,'2025-09-27 10:08:18','Cierre de sesión','192.168.56.1','SONNY',_binary '\0'),(749,23,1,'2025-09-27 10:08:44','Guardar usuario','192.168.1.14','FER',_binary ''),(750,29,NULL,'2025-09-27 10:09:09','Ingreso','192.168.1.14','FER',_binary ''),(751,29,NULL,'2025-09-27 10:09:58','Cambio de contraseña','192.168.1.14','FER',_binary ''),(752,29,NULL,'2025-09-27 10:10:01','Cierre de sesión','192.168.1.14','FER',_binary '\0'),(753,29,NULL,'2025-09-27 10:10:47','Ingreso','192.168.1.14','FER',_binary ''),(754,24,NULL,'2025-09-27 10:11:38','Recuperar contraseña','192.168.56.1','SONNY',_binary ''),(755,23,NULL,'2025-09-27 10:11:40','Ingreso','192.168.1.14','FER',_binary ''),(756,23,NULL,'2025-09-27 10:12:22','Ingreso','192.168.56.1','DESKTOP-BVMTMU2',_binary ''),(757,23,NULL,'2025-09-27 10:13:33','Ingreso','192.168.1.14','FER',_binary ''),(758,23,NULL,'2025-09-27 10:14:00','Ingreso','192.168.56.1','SONNY',_binary ''),(759,23,NULL,'2025-09-27 10:15:20','Ingreso','192.168.1.14','FER',_binary ''),(760,23,NULL,'2025-09-27 10:17:53','Ingreso','192.168.1.14','FER',_binary ''),(761,23,NULL,'2025-09-27 10:17:55','Ingreso','192.168.56.1','SONNY',_binary ''),(762,23,5,'2025-09-27 10:21:14','Asignación Aplicación a Usuario - Agregar','192.168.56.1','SONNY',_binary ''),(763,23,NULL,'2025-09-27 10:22:17','Ingreso','192.168.1.14','FER',_binary ''),(764,23,NULL,'2025-09-27 10:23:02','Ingreso','192.168.56.1','DESKTOP-BVMTMU2',_binary ''),(765,23,NULL,'2025-09-27 10:23:16','Ingreso','192.168.56.1','SONNY',_binary ''),(766,23,NULL,'2025-09-27 10:23:49','Asignación Aplicación a Usuario - Agregar','192.168.56.1','SONNY',_binary ''),(767,23,NULL,'2025-09-27 10:23:53','Asignación Aplicación a Usuario - Agregar','192.168.56.1','DESKTOP-BVMTMU2',_binary ''),(768,23,NULL,'2025-09-27 10:24:05','Asignación Aplicación a Usuario - Insertar','192.168.56.1','SONNY',_binary ''),(769,23,NULL,'2025-09-27 10:24:15','Asignación Aplicación a Usuario - Actualizar','192.168.56.1','DESKTOP-BVMTMU2',_binary ''),(770,23,NULL,'2025-09-27 10:25:22','Asignación Aplicación a Usuario - Quitar','192.168.56.1','SONNY',_binary ''),(771,23,NULL,'2025-09-27 10:26:02','Asignación Aplicación a Usuario - Quitar','192.168.56.1','SONNY',_binary ''),(772,23,NULL,'2025-09-27 10:26:14','Ingreso','192.168.56.1','DESKTOP-BVMTMU2',_binary ''),(773,23,NULL,'2025-09-27 10:26:18','Asignación Aplicación a Usuario - Actualizar','192.168.56.1','SONNY',_binary ''),(774,23,NULL,'2025-09-27 10:26:28','Asignación Aplicación a Usuario - Actualizar','192.168.56.1','SONNY',_binary ''),(775,23,NULL,'2025-09-27 10:26:41','Asignación Aplicación a Usuario - Quitar','192.168.56.1','SONNY',_binary ''),(776,23,NULL,'2025-09-27 10:26:56','Asignación Aplicación a Usuario - Agregar','192.168.56.1','DESKTOP-BVMTMU2',_binary ''),(777,23,NULL,'2025-09-27 10:27:13','Asignación Aplicación a Usuario - Actualizar','192.168.56.1','SONNY',_binary ''),(778,23,1,'2025-09-27 10:27:21','Asignación Perfil a Usuario - Agregar','192.168.1.14','FER',_binary ''),(779,23,1,'2025-09-27 10:27:27','Asignación Perfil a Usuario - Guardar','192.168.1.14','FER',_binary ''),(780,24,NULL,'2025-09-27 10:27:35','Ingreso','192.168.56.1','SONNY',_binary ''),(781,23,1,'2025-09-27 10:27:51','Asignación Perfil a Usuario - Agregar','192.168.1.14','FER',_binary ''),(782,23,1,'2025-09-27 10:27:58','Asignación Perfil a Usuario - Agregar','192.168.1.14','FER',_binary ''),(783,23,1,'2025-09-27 10:28:00','Asignación Perfil a Usuario - Agregar','192.168.1.14','FER',_binary ''),(784,23,1,'2025-09-27 10:28:02','Asignación Perfil a Usuario - Agregar','192.168.1.14','FER',_binary ''),(785,23,NULL,'2025-09-27 10:29:30','Ingreso','192.168.56.1','SONNY',_binary ''),(786,23,NULL,'2025-09-27 10:29:38','Ingreso','192.168.1.14','FER',_binary ''),(787,23,NULL,'2025-09-27 10:29:41','Asignación Aplicación a Usuario - Actualizar','192.168.56.1','DESKTOP-BVMTMU2',_binary ''),(788,23,3,'2025-09-27 10:30:10','Asignación Aplicación a Usuario - Agregar','192.168.56.1','SONNY',_binary ''),(789,23,NULL,'2025-09-27 10:30:25','Asignación Aplicación a Usuario - Actualizar','192.168.56.1','SONNY',_binary ''),(790,23,3,'2025-09-27 10:30:28','Asignación Aplicación a Usuario - Insertar','192.168.56.1','SONNY',_binary ''),(791,23,NULL,'2025-09-27 10:30:37','Cierre de sesión','192.168.56.1','SONNY',_binary '\0'),(792,24,NULL,'2025-09-27 10:30:52','Ingreso','192.168.56.1','SONNY',_binary ''),(793,23,1,'2025-09-27 10:31:23','Asignación Perfil a Usuario - Agregar','192.168.1.14','FER',_binary ''),(794,23,1,'2025-09-27 10:31:26','Asignación Perfil a Usuario - Agregar','192.168.1.14','FER',_binary ''),(795,23,1,'2025-09-27 10:31:29','Asignación Perfil a Usuario - Agregar','192.168.1.14','FER',_binary ''),(796,23,1,'2025-09-27 10:31:43','Asignación Perfil a Usuario - Guardar','192.168.1.14','FER',_binary ''),(797,23,1,'2025-09-27 10:31:46','Asignación Perfil a Usuario - Guardar','192.168.1.14','FER',_binary ''),(798,23,1,'2025-09-27 10:31:55','Asignación Perfil a Usuario - Guardar','192.168.1.14','FER',_binary ''),(799,23,1,'2025-09-27 10:32:36','Asignación Perfil a Usuario - Agregar','192.168.1.14','FER',_binary ''),(800,23,1,'2025-09-27 10:32:37','Asignación Perfil a Usuario - Eliminar','192.168.1.14','FER',_binary ''),(801,23,NULL,'2025-09-27 10:34:08','Ingreso','192.168.56.1','DESKTOP-BVMTMU2',_binary ''),(802,23,5,'2025-09-27 10:34:44','Asignación Permisos Perfil - Agregar','192.168.1.14','FER',_binary ''),(803,23,NULL,'2025-09-27 10:35:18','Asignación Aplicación a Usuario - Agregar','192.168.1.14','FER',_binary ''),(804,23,NULL,'2025-09-27 10:35:52','Asignación Aplicación a Usuario - Agregar','192.168.1.14','FER',_binary ''),(805,23,3,'2025-09-27 10:36:28','Asignación Aplicación a Usuario - Agregar','192.168.1.14','FER',_binary ''),(806,23,NULL,'2025-09-27 10:36:53','Asignación Aplicación a Usuario - Agregar','192.168.1.14','FER',_binary ''),(807,23,5,'2025-09-27 10:37:14','Asignación Aplicación a Usuario - Agregar','192.168.1.14','FER',_binary ''),(808,23,NULL,'2025-09-27 10:37:39','Asignación Aplicación a Usuario - Agregar','192.168.1.14','FER',_binary ''),(809,23,1,'2025-09-27 10:37:55','Asignación Aplicación a Usuario - Actualizar','192.168.1.14','FER',_binary ''),(810,23,NULL,'2025-09-27 10:37:57','Asignación Aplicación a Usuario - Insertar','192.168.1.14','FER',_binary ''),(811,23,3,'2025-09-27 10:38:00','Asignación Aplicación a Usuario - Insertar','192.168.1.14','FER',_binary ''),(812,23,NULL,'2025-09-27 10:38:03','Asignación Aplicación a Usuario - Insertar','192.168.1.14','FER',_binary ''),(813,23,5,'2025-09-27 10:38:06','Asignación Aplicación a Usuario - Insertar','192.168.1.14','FER',_binary ''),(814,23,NULL,'2025-09-27 10:38:08','Asignación Aplicación a Usuario - Insertar','192.168.1.14','FER',_binary ''),(815,29,NULL,'2025-09-27 10:38:51','Ingreso','192.168.1.14','FER',_binary ''),(816,23,1,'2025-09-27 10:39:23','Asignación Perfil a Usuario - Guardar','192.168.56.1','DESKTOP-BVMTMU2',_binary ''),(817,23,1,'2025-09-27 10:39:24','Asignación Perfil a Usuario - Agregar','192.168.56.1','DESKTOP-BVMTMU2',_binary ''),(818,23,NULL,'2025-09-27 10:40:19','Ingreso','192.168.1.14','FER',_binary ''),(819,23,NULL,'2025-09-27 10:40:24','Ingreso','192.168.56.1','SONNY',_binary ''),(820,23,5,'2025-09-27 10:41:01','Asignación Aplicación a Usuario - Agregar','192.168.56.1','SONNY',_binary ''),(821,23,3,'2025-09-27 10:41:14','Asignación Aplicación a Usuario - Actualizar','192.168.56.1','SONNY',_binary ''),(822,23,NULL,'2025-09-27 10:41:17','Asignación Aplicación a Usuario - Actualizar','192.168.56.1','SONNY',_binary ''),(823,23,5,'2025-09-27 10:41:20','Asignación Aplicación a Usuario - Insertar','192.168.56.1','SONNY',_binary ''),(824,23,NULL,'2025-09-27 10:41:27','Cierre de sesión','192.168.56.1','SONNY',_binary '\0'),(825,23,5,'2025-09-27 10:41:35','Asignación Aplicación a Usuario - Agregar','192.168.1.14','FER',_binary ''),(826,24,NULL,'2025-09-27 10:41:41','Ingreso','192.168.56.1','SONNY',_binary ''),(827,23,5,'2025-09-27 10:41:46','Asignación Aplicación a Usuario - Insertar','192.168.1.14','FER',_binary ''),(828,29,NULL,'2025-09-27 10:42:34','Ingreso','192.168.1.14','FER',_binary ''),(829,23,NULL,'2025-09-27 10:43:09','Ingreso','192.168.1.14','FER',_binary ''),(830,23,5,'2025-09-27 10:44:28','Asignación Aplicación a Usuario - Agregar','192.168.1.14','FER',_binary ''),(831,23,5,'2025-09-27 10:44:42','Asignación Aplicación a Usuario - Insertar','192.168.1.14','FER',_binary ''),(832,23,NULL,'2025-09-27 10:44:44','Ingreso','192.168.56.1','DESKTOP-BVMTMU2',_binary ''),(833,23,NULL,'2025-09-27 10:45:07','Ingreso','192.168.1.14','FER',_binary ''),(834,23,NULL,'2025-09-27 10:49:39','Ingreso','192.168.56.1','DESKTOP-BVMTMU2',_binary ''),(835,23,1,'2025-09-27 10:51:55','Guardar usuario','192.168.56.1','DESKTOP-BVMTMU2',_binary ''),(836,23,NULL,'2025-09-27 10:57:26','Ingreso','192.168.56.1','SONNY',_binary ''),(837,23,NULL,'2025-09-27 11:28:39','Ingreso','192.168.1.14','FER',_binary ''),(838,10,NULL,'2025-09-27 12:20:51','Ingreso','192.168.56.1','DESKTOP-6VKCMBO',_binary ''),(839,22,NULL,'2025-09-27 12:21:22','Ingreso','192.168.56.1','DESKTOP-6VKCMBO',_binary ''),(840,22,1,'2025-09-27 12:21:45','Asignación Aplicación a Usuario - Agregar','192.168.56.1','DESKTOP-6VKCMBO',_binary ''),(841,22,1,'2025-09-27 12:21:56','Asignación Aplicación a Usuario - Quitar','192.168.56.1','DESKTOP-6VKCMBO',_binary ''),(842,7,NULL,'2025-09-27 12:22:30','Recuperar contraseña','192.168.1.102','LUCHCODEDEV',_binary ''),(843,7,NULL,'2025-09-27 12:23:01','Recuperar contraseña','192.168.1.102','LUCHCODEDEV',_binary ''),(844,7,NULL,'2025-09-27 12:23:13','Ingreso','192.168.1.102','LUCHCODEDEV',_binary ''),(845,7,NULL,'2025-09-27 12:23:45','Cambio de contraseña','192.168.1.102','LUCHCODEDEV',_binary ''),(846,7,NULL,'2025-09-27 12:24:05','Cambio de contraseña','192.168.1.102','LUCHCODEDEV',_binary ''),(847,7,NULL,'2025-09-27 12:24:36','Cambio de contraseña','192.168.1.102','LUCHCODEDEV',_binary ''),(848,7,NULL,'2025-09-27 12:31:31','Recuperar contraseña','192.168.1.102','LUCHCODEDEV',_binary ''),(849,7,NULL,'2025-09-27 12:32:04','Ingreso','192.168.1.102','LUCHCODEDEV',_binary ''),(850,4,NULL,'2025-09-27 12:32:27','Ingreso','192.168.56.1','DESKTOP-01DDSQ2',_binary ''),(851,7,NULL,'2025-09-27 12:34:55','Recuperar contraseña','192.168.1.102','LUCHCODEDEV',_binary ''),(852,7,NULL,'2025-09-27 12:35:14','Ingreso','192.168.1.102','LUCHCODEDEV',_binary ''),(853,7,NULL,'2025-09-27 12:41:36','Ingreso','192.168.1.102','LUCHCODEDEV',_binary ''),(854,7,NULL,'2025-09-27 12:42:24','Cambio de contraseña','192.168.1.102','LUCHCODEDEV',_binary ''),(855,7,NULL,'2025-09-27 12:43:11','Ingreso','192.168.1.102','LUCHCODEDEV',_binary ''),(856,22,NULL,'2025-09-27 12:43:29','Ingreso','192.168.56.1','DESKTOP-6VKCMBO',_binary ''),(857,7,NULL,'2025-09-27 12:43:37','Cambio de contraseña','192.168.1.102','LUCHCODEDEV',_binary ''),(858,7,NULL,'2025-09-27 12:43:43','Cierre de sesión','192.168.1.102','LUCHCODEDEV',_binary '\0'),(859,7,NULL,'2025-09-27 12:43:56','Ingreso','192.168.1.102','LUCHCODEDEV',_binary ''),(860,4,NULL,'2025-09-27 12:47:07','Ingreso','192.168.56.1','DESKTOP-01DDSQ2',_binary ''),(861,4,1,'2025-09-27 12:47:57','Guardar perfil','192.168.56.1','DESKTOP-01DDSQ2',_binary ''),(862,4,1,'2025-09-27 12:48:04','Eliminar perfil','192.168.56.1','DESKTOP-01DDSQ2',_binary ''),(863,22,NULL,'2025-09-27 12:50:03','Ingreso','192.168.56.1','DESKTOP-6VKCMBO',_binary ''),(864,22,NULL,'2025-09-27 12:57:45','Ingreso','192.168.56.1','DESKTOP-6VKCMBO',_binary ''),(865,4,NULL,'2025-09-27 12:59:11','Ingreso','192.168.56.1','DESKTOP-01DDSQ2',_binary ''),(866,4,1,'2025-09-27 13:00:43','Asignación Perfil a Usuario - Agregar','192.168.56.1','DESKTOP-01DDSQ2',_binary ''),(867,23,NULL,'2025-09-27 13:11:30','Ingreso','192.168.137.1','COMPU_CESAR',_binary ''),(868,4,NULL,'2025-09-27 13:12:17','Ingreso','192.168.56.1','DESKTOP-01DDSQ2',_binary ''),(869,4,1,'2025-09-27 13:13:18','Asignación Perfil a Usuario - Agregar','192.168.56.1','DESKTOP-01DDSQ2',_binary ''),(870,4,1,'2025-09-27 13:13:25','Asignación Perfil a Usuario - Guardar','192.168.56.1','DESKTOP-01DDSQ2',_binary ''),(871,23,NULL,'2025-09-27 13:14:26','Ingreso','192.168.137.1','COMPU_CESAR',_binary ''),(872,4,NULL,'2025-09-27 13:25:52','Ingreso','192.168.56.1','DESKTOP-01DDSQ2',_binary ''),(873,4,1,'2025-09-27 13:29:26','Asignación Perfil a Usuario - Agregar','192.168.56.1','DESKTOP-01DDSQ2',_binary ''),(874,4,1,'2025-09-27 13:29:34','Asignación Perfil a Usuario - Guardar','192.168.56.1','DESKTOP-01DDSQ2',_binary ''),(875,22,NULL,'2025-09-27 13:30:52','Ingreso','192.168.56.1','DESKTOP-6VKCMBO',_binary ''),(876,23,NULL,'2025-09-27 13:42:29','Ingreso','192.168.137.1','COMPU_CESAR',_binary ''),(877,4,NULL,'2025-09-27 13:44:00','Ingreso','192.168.0.19','DOMITS',_binary ''),(878,4,NULL,'2025-09-27 13:44:43','Ingreso','192.168.56.1','DESKTOP-01DDSQ2',_binary ''),(879,22,NULL,'2025-09-27 13:45:05','Ingreso','192.168.56.1','DESKTOP-6VKCMBO',_binary ''),(880,4,1,'2025-09-27 13:45:29','Asignación Perfil a Usuario - Agregar','192.168.56.1','DESKTOP-01DDSQ2',_binary ''),(881,4,1,'2025-09-27 13:45:36','Asignación Perfil a Usuario - Guardar','192.168.56.1','DESKTOP-01DDSQ2',_binary ''),(882,23,1,'2025-09-27 13:48:02','Guardar aplicación','192.168.137.1','COMPU_CESAR',_binary ''),(883,23,1,'2025-09-27 13:48:30','Eliminar aplicación','192.168.137.1','COMPU_CESAR',_binary ''),(884,12,NULL,'2025-09-27 13:54:21','Ingreso','172.20.10.2','LAPTOP-6C415UB3',_binary ''),(885,22,NULL,'2025-09-27 13:58:22','Ingreso','192.168.56.1','DESKTOP-6VKCMBO',_binary ''),(886,4,NULL,'2025-09-27 14:06:27','Ingreso','192.168.0.19','DOMITS',_binary ''),(887,4,1,'2025-09-27 14:07:23','Guardar módulo','192.168.0.19','DOMITS',_binary ''),(888,4,1,'2025-09-27 14:07:38','Guardar módulo','192.168.0.19','DOMITS',_binary ''),(889,4,1,'2025-09-27 14:07:51','Eliminar módulo','192.168.0.19','DOMITS',_binary ''),(890,23,NULL,'2025-09-27 14:11:16','Ingreso','192.168.137.1','COMPU_CESAR',_binary ''),(891,4,NULL,'2025-09-27 14:11:23','Ingreso','192.168.0.19','DOMITS',_binary ''),(892,16,NULL,'2025-09-27 14:13:54','Ingreso','192.168.43.222','DAVID',_binary ''),(893,16,NULL,'2025-09-27 14:14:26','Cierre de sesión','192.168.43.222','DAVID',_binary '\0'),(894,23,NULL,'2025-09-27 14:15:05','Ingreso','192.168.56.1','DESKTOP-BVMTMU2',_binary ''),(895,23,1,'2025-09-27 14:15:30','Eliminar aplicación','192.168.137.1','COMPU_CESAR',_binary ''),(896,4,NULL,'2025-09-27 14:15:32','Ingreso','192.168.43.222','DAVID',_binary ''),(897,23,1,'2025-09-27 14:16:13','Asignación Permisos Perfil - Agregar','192.168.56.1','DESKTOP-BVMTMU2',_binary ''),(898,23,1,'2025-09-27 14:17:05','Asignación aplicación a perfil - Insertar','192.168.56.1','DESKTOP-BVMTMU2',_binary ''),(899,4,NULL,'2025-09-27 14:17:17','Asignación Aplicación a Usuario - Agregar','192.168.43.222','DAVID',_binary ''),(900,23,1,'2025-09-27 14:17:24','Asignación Permisos Perfil - Agregar','192.168.56.1','DESKTOP-BVMTMU2',_binary ''),(901,4,NULL,'2025-09-27 14:17:39','Asignación Aplicación a Usuario - Actualizar','192.168.43.222','DAVID',_binary ''),(902,4,NULL,'2025-09-27 14:17:49','Asignación Aplicación a Usuario - Agregar','192.168.43.222','DAVID',_binary ''),(903,4,NULL,'2025-09-27 14:18:10','Asignación Aplicación a Usuario - Actualizar','192.168.43.222','DAVID',_binary ''),(904,16,NULL,'2025-09-27 14:18:36','Ingreso','192.168.43.222','DAVID',_binary ''),(905,23,NULL,'2025-09-27 14:19:11','Ingreso','192.168.137.1','COMPU_CESAR',_binary ''),(906,16,NULL,'2025-09-27 14:19:21','Cierre de sesión','192.168.43.222','DAVID',_binary '\0'),(907,4,NULL,'2025-09-27 14:19:42','Ingreso','192.168.43.222','DAVID',_binary ''),(908,4,NULL,'2025-09-27 14:19:38','Ingreso','192.168.0.19','DOMITS',_binary ''),(909,23,1,'2025-09-27 14:20:14','Modificar aplicación','192.168.137.1','COMPU_CESAR',_binary ''),(910,4,NULL,'2025-09-27 14:20:20','Asignación Aplicación a Usuario - Agregar','192.168.43.222','DAVID',_binary ''),(911,4,1,'2025-09-27 14:22:06','Asignación Aplicación a Usuario - Actualizar','192.168.43.222','DAVID',_binary ''),(912,4,3,'2025-09-27 14:22:09','Asignación Aplicación a Usuario - Actualizar','192.168.43.222','DAVID',_binary ''),(913,4,NULL,'2025-09-27 14:22:12','Asignación Aplicación a Usuario - Actualizar','192.168.43.222','DAVID',_binary ''),(914,4,NULL,'2025-09-27 14:22:15','Asignación Aplicación a Usuario - Actualizar','192.168.43.222','DAVID',_binary ''),(915,4,NULL,'2025-09-27 14:22:20','Cierre de sesión','192.168.43.222','DAVID',_binary '\0'),(916,16,NULL,'2025-09-27 14:22:37','Ingreso','192.168.43.222','DAVID',_binary ''),(917,23,5,'2025-09-27 14:24:29','Asignación Aplicación a Usuario - Agregar','192.168.56.1','DESKTOP-BVMTMU2',_binary ''),(918,4,NULL,'2025-09-27 14:24:26','Ingreso','192.168.0.19','DOMITS',_binary ''),(919,23,NULL,'2025-09-27 14:24:58','Asignación Aplicación a Usuario - Actualizar','192.168.56.1','DESKTOP-BVMTMU2',_binary ''),(920,23,9,'2025-09-27 14:25:02','Asignación Aplicación a Usuario - Actualizar','192.168.56.1','DESKTOP-BVMTMU2',_binary ''),(921,23,5,'2025-09-27 14:25:05','Asignación Aplicación a Usuario - Insertar','192.168.56.1','DESKTOP-BVMTMU2',_binary ''),(922,12,NULL,'2025-09-27 14:25:24','Ingreso','172.20.10.2','LAPTOP-6C415UB3',_binary ''),(923,4,1,'2025-09-27 14:25:28','Guardar módulo','192.168.0.19','DOMITS',_binary ''),(924,23,5,'2025-09-27 14:25:41','Asignación Aplicación a Usuario - Agregar','192.168.56.1','DESKTOP-BVMTMU2',_binary ''),(925,4,1,'2025-09-27 14:25:43','Guardar módulo','192.168.0.19','DOMITS',_binary ''),(926,4,1,'2025-09-27 14:25:54','Eliminar módulo','192.168.0.19','DOMITS',_binary ''),(927,23,5,'2025-09-27 14:25:58','Asignación Aplicación a Usuario - Insertar','192.168.56.1','DESKTOP-BVMTMU2',_binary ''),(928,4,NULL,'2025-09-27 14:26:13','Ingreso','192.168.43.222','DAVID',_binary ''),(929,23,5,'2025-09-27 14:26:15','Asignación Aplicación a Usuario - Agregar','192.168.56.1','DESKTOP-BVMTMU2',_binary ''),(930,4,NULL,'2025-09-27 14:26:18','Ingreso','192.168.56.1','DESKTOP-01DDSQ2',_binary ''),(931,4,5,'2025-09-27 14:26:35','Eliminar empleado','192.168.43.222','DAVID',_binary ''),(932,4,5,'2025-09-27 14:26:45','Eliminar empleado','192.168.43.222','DAVID',_binary ''),(933,23,5,'2025-09-27 14:26:54','Asignación Aplicación a Usuario - Actualizar','192.168.56.1','DESKTOP-BVMTMU2',_binary ''),(934,4,5,'2025-09-27 14:27:33','Guardar empleado','192.168.43.222','DAVID',_binary ''),(935,4,NULL,'2025-09-27 14:29:18','Ingreso','192.168.43.222','DAVID',_binary ''),(936,4,5,'2025-09-27 14:29:48','Eliminar empleado','192.168.43.222','DAVID',_binary ''),(937,4,5,'2025-09-27 14:30:35','Guardar empleado','192.168.43.222','DAVID',_binary ''),(938,4,NULL,'2025-09-27 14:32:54','Ingreso','192.168.43.222','DAVID',_binary ''),(939,4,5,'2025-09-27 14:33:12','Eliminar empleado','192.168.43.222','DAVID',_binary ''),(940,4,5,'2025-09-27 14:33:44','Guardar empleado','192.168.43.222','DAVID',_binary ''),(941,4,NULL,'2025-09-27 14:42:31','Ingreso','192.168.43.222','DAVID',_binary ''),(942,4,5,'2025-09-27 14:43:45','Eliminar empleado','192.168.43.222','DAVID',_binary ''),(943,4,5,'2025-09-27 14:43:54','Eliminar empleado','192.168.43.222','DAVID',_binary ''),(944,12,NULL,'2025-09-27 14:44:41','Ingreso','172.20.10.2','LAPTOP-6C415UB3',_binary ''),(945,4,5,'2025-09-27 14:44:54','Guardar empleado','192.168.43.222','DAVID',_binary ''),(946,4,5,'2025-09-27 14:47:55','Modificar empleado','192.168.43.222','DAVID',_binary ''),(947,4,5,'2025-09-27 14:48:20','Modificar empleado','192.168.43.222','DAVID',_binary ''),(948,12,NULL,'2025-09-27 14:57:32','Ingreso','172.20.10.2','LAPTOP-6C415UB3',_binary ''),(949,12,NULL,'2025-09-27 15:01:03','Cierre de sesión','172.20.10.2','LAPTOP-6C415UB3',_binary '\0'),(950,12,NULL,'2025-09-27 15:01:26','Cierre de sesión','172.20.10.2','LAPTOP-6C415UB3',_binary '\0'),(951,12,NULL,'2025-09-27 15:02:01','Ingreso','172.20.10.2','LAPTOP-6C415UB3',_binary ''),(952,4,NULL,'2025-09-27 15:12:46','Ingreso','192.168.1.11','DAVID',_binary ''),(953,4,NULL,'2025-09-27 15:17:07','Ingreso','192.168.1.11','DAVID',_binary ''),(954,4,NULL,'2025-09-27 15:19:02','Ingreso','192.168.1.11','DAVID',_binary ''),(955,4,5,'2025-09-27 15:20:16','Guardar empleado','192.168.1.11','DAVID',_binary ''),(956,4,5,'2025-09-27 15:20:26','Modificar empleado','192.168.1.11','DAVID',_binary ''),(957,23,NULL,'2025-09-27 17:28:47','Ingreso','192.168.137.1','COMPU_CESAR',_binary ''),(958,4,NULL,'2025-09-27 17:44:31','Ingreso','192.168.56.1','DESKTOP-01DDSQ2',_binary ''),(959,4,1,'2025-09-27 17:45:19','Asignación Perfil a Usuario - Agregar','192.168.56.1','DESKTOP-01DDSQ2',_binary ''),(960,4,1,'2025-09-27 17:45:23','Asignación Perfil a Usuario - Agregar','192.168.56.1','DESKTOP-01DDSQ2',_binary ''),(961,4,1,'2025-09-27 17:45:24','Asignación Perfil a Usuario - Eliminar','192.168.56.1','DESKTOP-01DDSQ2',_binary ''),(962,4,1,'2025-09-27 17:45:25','Asignación Perfil a Usuario - Eliminar','192.168.56.1','DESKTOP-01DDSQ2',_binary ''),(963,4,1,'2025-09-27 17:45:29','Asignación Perfil a Usuario - Agregar','192.168.56.1','DESKTOP-01DDSQ2',_binary ''),(964,12,NULL,'2025-09-27 18:09:52','Ingreso','192.168.1.4','LAPTOP-6C415UB3',_binary ''),(965,12,NULL,'2025-09-27 18:14:20','Ingreso','192.168.1.4','LAPTOP-6C415UB3',_binary ''),(966,4,NULL,'2025-09-27 18:39:03','Ingreso','192.168.56.1','DESKTOP-01DDSQ2',_binary ''),(967,23,NULL,'2025-09-27 18:50:08','Ingreso','192.168.137.1','COMPU_CESAR',_binary ''),(968,4,NULL,'2025-09-27 18:53:33','Ingreso','192.168.56.1','DESKTOP-01DDSQ2',_binary ''),(969,4,1,'2025-09-27 18:54:52','Asignación Perfil a Usuario - Agregar','192.168.56.1','DESKTOP-01DDSQ2',_binary ''),(970,4,1,'2025-09-27 18:54:58','Asignación Perfil a Usuario - Guardar','192.168.56.1','DESKTOP-01DDSQ2',_binary ''),(971,23,NULL,'2025-09-27 18:57:58','Ingreso','192.168.137.1','COMPU_CESAR',_binary ''),(972,23,NULL,'2025-09-27 19:08:02','Ingreso','192.168.137.1','COMPU_CESAR',_binary ''),(973,4,NULL,'2025-09-27 19:15:52','Ingreso','192.168.56.1','DESKTOP-01DDSQ2',_binary ''),(974,4,NULL,'2025-09-27 20:11:27','Ingreso','192.168.1.11','DAVID',_binary ''),(975,4,NULL,'2025-09-27 20:56:20','Ingreso','192.168.0.19','DOMITS',_binary ''),(976,4,1,'2025-09-27 20:58:40','Guardar módulo','192.168.0.19','DOMITS',_binary ''),(977,4,1,'2025-09-27 20:59:03','Guardar módulo','192.168.0.19','DOMITS',_binary ''),(978,4,1,'2025-09-27 20:59:11','Eliminar módulo','192.168.0.19','DOMITS',_binary ''),(979,4,NULL,'2025-09-27 21:09:36','Ingreso','192.168.0.19','DOMITS',_binary ''),(980,4,1,'2025-09-27 21:10:15','Guardar módulo','192.168.0.19','DOMITS',_binary ''),(981,4,1,'2025-09-27 21:10:36','Guardar módulo','192.168.0.19','DOMITS',_binary ''),(982,4,1,'2025-09-27 21:10:51','Guardar módulo','192.168.0.19','DOMITS',_binary ''),(983,4,1,'2025-09-27 21:11:00','Eliminar módulo','192.168.0.19','DOMITS',_binary ''),(984,4,NULL,'2025-09-27 21:14:07','Ingreso','192.168.0.19','DOMITS',_binary ''),(985,4,1,'2025-09-27 21:14:50','Guardar módulo','192.168.0.19','DOMITS',_binary ''),(986,4,1,'2025-09-27 21:15:04','Guardar módulo','192.168.0.19','DOMITS',_binary ''),(987,4,1,'2025-09-27 21:15:15','Eliminar módulo','192.168.0.19','DOMITS',_binary ''),(988,4,NULL,'2025-09-27 21:47:12','Ingreso','192.168.56.1','DESKTOP-01DDSQ2',_binary ''),(989,4,NULL,'2025-09-27 22:21:44','Ingreso','192.168.56.1','DESKTOP-01DDSQ2',_binary ''),(990,4,NULL,'2025-09-27 22:25:47','Ingreso','192.168.56.1','DESKTOP-01DDSQ2',_binary ''),(991,4,1,'2025-09-27 22:29:49','Asignación Perfil a Usuario - Agregar','192.168.56.1','DESKTOP-01DDSQ2',_binary ''),(992,4,1,'2025-09-27 22:30:07','Asignación Perfil a Usuario - Guardar','192.168.56.1','DESKTOP-01DDSQ2',_binary ''),(993,12,NULL,'2025-09-27 23:17:47','Ingreso','192.168.1.4','LAPTOP-6C415UB3',_binary ''),(994,5,NULL,'2025-09-27 23:28:12','Ingreso','192.168.1.55','BELY',_binary ''),(995,5,NULL,'2025-09-27 23:28:32','Cierre de sesión','192.168.1.55','BELY',_binary '\0'),(996,12,NULL,'2025-09-27 23:28:52','Ingreso','192.168.1.55','BELY',_binary ''),(997,7,NULL,'2025-09-27 23:49:53','Recuperar contraseña','192.168.1.102','LUCHCODEDEV',_binary ''),(998,7,NULL,'2025-09-27 23:50:19','Ingreso','192.168.1.102','LUCHCODEDEV',_binary ''),(999,7,NULL,'2025-09-27 23:51:12','Cambio de contraseña','192.168.1.102','LUCHCODEDEV',_binary ''),(1000,7,NULL,'2025-09-27 23:52:16','Cierre de sesión','192.168.1.102','LUCHCODEDEV',_binary '\0'),(1001,7,NULL,'2025-09-27 23:52:38','Ingreso','192.168.1.102','LUCHCODEDEV',_binary ''),(1002,22,NULL,'2025-09-29 11:56:28','Ingreso','192.168.56.1','DESKTOP-6VKCMBO',_binary ''),(1003,22,NULL,'2025-09-29 11:57:25','Asignación Aplicación a Usuario - Agregar','192.168.56.1','DESKTOP-6VKCMBO',_binary ''),(1004,22,NULL,'2025-09-29 11:58:53','Asignación Aplicación a Usuario - Quitar','192.168.56.1','DESKTOP-6VKCMBO',_binary ''),(1005,1,NULL,'2025-10-06 22:27:57','Recuperar contraseña','192.168.1.7','RICARDO',_binary ''),(1006,1,NULL,'2025-10-06 22:28:10','Ingreso','192.168.1.7','RICARDO',_binary ''),(1007,5,NULL,'2025-10-07 08:15:00','Ingreso','172.20.10.3','BELY',_binary ''),(1008,4,NULL,'2025-10-07 08:15:56','Ingreso','192.168.56.1','DESKTOP-01DDSQ2',_binary ''),(1009,2,NULL,'2025-10-07 08:15:58','Ingreso','192.168.56.1','DESKTOP-6VKCMBO',_binary ''),(1010,4,NULL,'2025-10-07 08:16:49','Cierre de sesión','192.168.56.1','DESKTOP-01DDSQ2',_binary '\0'),(1011,31,NULL,'2025-10-07 08:17:04','Ingreso','192.168.56.1','DESKTOP-01DDSQ2',_binary ''),(1012,31,NULL,'2025-10-07 08:17:25','Cierre de sesión','192.168.56.1','DESKTOP-01DDSQ2',_binary '\0'),(1013,12,NULL,'2025-10-07 08:17:53','Ingreso','192.168.56.1','DESKTOP-01DDSQ2',_binary ''),(1014,12,NULL,'2025-10-07 08:18:32','Asignación Aplicación a Usuario - Agregar','192.168.56.1','DESKTOP-01DDSQ2',_binary ''),(1015,12,NULL,'2025-10-07 08:20:17','Asignación Aplicación a Usuario - Agregar','192.168.56.1','DESKTOP-01DDSQ2',_binary ''),(1016,12,NULL,'2025-10-07 08:20:47','Cierre de sesión','192.168.56.1','DESKTOP-01DDSQ2',_binary '\0'),(1017,31,NULL,'2025-10-07 08:21:02','Ingreso','192.168.56.1','DESKTOP-01DDSQ2',_binary ''),(1018,31,NULL,'2025-10-07 08:21:21','Cierre de sesión','192.168.56.1','DESKTOP-01DDSQ2',_binary '\0'),(1019,12,NULL,'2025-10-07 08:21:56','Ingreso','192.168.56.1','DESKTOP-01DDSQ2',_binary ''),(1020,12,NULL,'2025-10-07 08:22:52','Cierre de sesión','192.168.56.1','DESKTOP-01DDSQ2',_binary '\0'),(1021,15,NULL,'2025-10-07 08:40:36','Ingreso','192.168.56.1','DESKTOP-01DDSQ2',_binary ''),(1022,4,NULL,'2025-10-07 08:51:40','Ingreso','192.168.56.1','DESKTOP-01DDSQ2',_binary ''),(1023,4,NULL,'2025-10-07 09:19:06','Ingreso','192.168.56.1','DESKTOP-01DDSQ2',_binary ''),(1024,1,NULL,'2025-10-07 09:22:25','Ingreso','192.168.140.58','RICARDO',_binary ''),(1025,1,5,'2025-10-07 09:25:38','Guardar empleado','192.168.140.58','RICARDO',_binary ''),(1026,1,5,'2025-10-07 09:25:54','Eliminar empleado','192.168.140.58','RICARDO',_binary ''),(1027,1,1,'2025-10-07 09:27:23','Guardar perfil','192.168.140.58','RICARDO',_binary ''),(1028,4,9,'2025-10-07 09:38:22','Asignación Aplicación a Usuario - Agregar','192.168.56.1','DESKTOP-01DDSQ2',_binary ''),(1029,1,NULL,'2025-10-07 09:39:11','Ingreso','192.168.140.58','RICARDO',_binary ''),(1030,1,1,'2025-10-07 09:39:42','Eliminar aplicación','192.168.140.58','RICARDO',_binary ''),(1031,1,NULL,'2025-10-07 09:41:14','Ingreso','192.168.140.58','RICARDO',_binary ''),(1032,1,1,'2025-10-07 09:41:49','Guardo nuevo usuario','192.168.140.58','RICARDO',_binary ''),(1033,1,5,'2025-10-07 09:44:52','Asignación Aplicación a Usuario - Agregar','192.168.140.58','RICARDO',_binary ''),(1034,4,5,'2025-10-07 09:46:57','Asignación Aplicación a Usuario - Agregar','192.168.56.1','DESKTOP-01DDSQ2',_binary ''),(1035,4,1,'2025-10-07 09:48:48','Asignación Aplicación a Usuario - Agregar','192.168.56.1','DESKTOP-01DDSQ2',_binary ''),(1036,1,NULL,'2025-10-07 09:52:02','Ingreso','192.168.140.58','RICARDO',_binary ''),(1037,1,1,'2025-10-07 09:53:47','Guardar módulo','192.168.140.58','RICARDO',_binary ''),(1038,1,1,'2025-10-07 09:54:55','Guardar aplicación','192.168.140.58','RICARDO',_binary ''),(1039,1,NULL,'2025-10-07 10:02:46','Ingreso','192.168.140.58','RICARDO',_binary ''),(1040,1,1,'2025-10-07 10:03:36','Eliminar aplicación','192.168.140.58','RICARDO',_binary ''),(1041,1,NULL,'2025-10-07 10:04:36','Cierre de sesión','192.168.140.58','RICARDO',_binary '\0'),(1042,2,NULL,'2025-10-07 11:05:37','Ingreso','192.168.56.1','DESKTOP-6VKCMBO',_binary ''),(1043,22,NULL,'2025-10-07 11:06:37','Ingreso','192.168.56.1','DESKTOP-6VKCMBO',_binary ''),(1044,22,1,'2025-10-07 11:07:00','Asignación Aplicación a Usuario - Agregar','192.168.56.1','DESKTOP-6VKCMBO',_binary ''),(1045,22,NULL,'2025-10-07 11:13:18','Ingreso','192.168.56.1','DESKTOP-6VKCMBO',_binary ''),(1046,22,NULL,'2025-10-07 11:13:38','Asignación Aplicación a Usuario - Agregar','192.168.56.1','DESKTOP-6VKCMBO',_binary ''),(1047,22,NULL,'2025-10-07 11:13:43','Asignación Aplicación a Usuario - Insertar','192.168.56.1','DESKTOP-6VKCMBO',_binary ''),(1048,22,NULL,'2025-10-07 11:15:59','Ingreso','192.168.56.1','DESKTOP-6VKCMBO',_binary ''),(1049,22,NULL,'2025-10-07 11:16:28','Asignación Aplicación a Usuario - Agregar','192.168.56.1','DESKTOP-6VKCMBO',_binary ''),(1050,22,NULL,'2025-10-07 11:16:32','Asignación Aplicación a Usuario - Insertar','192.168.56.1','DESKTOP-6VKCMBO',_binary ''),(1051,22,NULL,'2025-10-07 11:22:55','Ingreso','192.168.56.1','DESKTOP-6VKCMBO',_binary ''),(1052,22,NULL,'2025-10-07 11:23:20','Asignación Aplicación a Usuario - Agregar','192.168.56.1','DESKTOP-6VKCMBO',_binary ''),(1053,22,NULL,'2025-10-07 11:23:28','Asignación Aplicación a Usuario - Insertar','192.168.56.1','DESKTOP-6VKCMBO',_binary ''),(1054,22,NULL,'2025-10-07 11:23:36','Asignación Aplicación a Usuario - Agregar','192.168.56.1','DESKTOP-6VKCMBO',_binary ''),(1055,22,NULL,'2025-10-07 11:23:41','Asignación Aplicación a Usuario - Insertar','192.168.56.1','DESKTOP-6VKCMBO',_binary ''),(1056,22,NULL,'2025-10-07 11:26:06','Ingreso','192.168.56.1','DESKTOP-6VKCMBO',_binary ''),(1057,12,NULL,'2025-10-07 11:57:42','Ingreso','192.168.149.105','DESKTOP-TNKC8GG',_binary ''),(1058,2,NULL,'2025-10-07 12:06:21','Ingreso','192.168.137.1','COMPU_CESAR',_binary ''),(1059,22,NULL,'2025-10-07 12:10:48','Ingreso','192.168.56.1','DESKTOP-6VKCMBO',_binary ''),(1060,2,NULL,'2025-10-07 12:11:31','Ingreso','192.168.56.1','DESKTOP-6VKCMBO',_binary ''),(1061,22,NULL,'2025-10-07 12:13:01','Ingreso','192.168.56.1','DESKTOP-6VKCMBO',_binary ''),(1062,22,NULL,'2025-10-07 12:14:01','Ingreso','192.168.56.1','DESKTOP-6VKCMBO',_binary ''),(1063,22,NULL,'2025-10-07 12:15:29','Ingreso','192.168.56.1','DESKTOP-6VKCMBO',_binary ''),(1064,22,NULL,'2025-10-07 12:18:34','Ingreso','192.168.56.1','DESKTOP-6VKCMBO',_binary ''),(1065,22,NULL,'2025-10-07 12:26:48','Ingreso','192.168.56.1','DESKTOP-6VKCMBO',_binary ''),(1066,22,NULL,'2025-10-07 12:29:15','Ingreso','192.168.56.1','DESKTOP-6VKCMBO',_binary ''),(1067,22,NULL,'2025-10-07 12:31:55','Ingreso','192.168.56.1','DESKTOP-6VKCMBO',_binary ''),(1068,22,NULL,'2025-10-07 12:44:00','Ingreso','192.168.56.1','DESKTOP-6VKCMBO',_binary ''),(1069,22,NULL,'2025-10-07 12:44:13','Cierre de sesión','192.168.56.1','DESKTOP-6VKCMBO',_binary '\0'),(1070,2,NULL,'2025-10-07 12:44:25','Ingreso','192.168.56.1','DESKTOP-6VKCMBO',_binary ''),(1071,22,NULL,'2025-10-07 12:46:35','Ingreso','192.168.56.1','DESKTOP-6VKCMBO',_binary ''),(1072,22,NULL,'2025-10-07 12:47:29','Ingreso','192.168.56.1','DESKTOP-6VKCMBO',_binary ''),(1073,22,NULL,'2025-10-07 12:48:41','Ingreso','192.168.56.1','DESKTOP-6VKCMBO',_binary ''),(1074,22,NULL,'2025-10-07 12:50:43','Ingreso','192.168.56.1','DESKTOP-6VKCMBO',_binary ''),(1075,2,NULL,'2025-10-07 12:55:51','Ingreso','192.168.137.1','COMPU_CESAR',_binary ''),(1076,22,NULL,'2025-10-07 12:58:56','Ingreso','192.168.56.1','DESKTOP-6VKCMBO',_binary ''),(1077,22,NULL,'2025-10-07 12:59:15','Asignación Aplicación a Usuario - Agregar','192.168.56.1','DESKTOP-6VKCMBO',_binary ''),(1078,22,NULL,'2025-10-07 13:01:01','Ingreso','192.168.56.1','DESKTOP-6VKCMBO',_binary ''),(1079,22,NULL,'2025-10-07 13:01:22','Asignación Aplicación a Usuario - Agregar','192.168.56.1','DESKTOP-6VKCMBO',_binary ''),(1080,2,NULL,'2025-10-07 13:02:40','Ingreso','192.168.137.1','COMPU_CESAR',_binary ''),(1081,22,NULL,'2025-10-07 13:10:28','Ingreso','192.168.56.1','DESKTOP-6VKCMBO',_binary ''),(1082,22,1,'2025-10-07 13:10:46','Asignación Aplicación a Usuario - Agregar','192.168.56.1','DESKTOP-6VKCMBO',_binary ''),(1083,22,1,'2025-10-07 13:10:51','Asignación Aplicación a Usuario - Insertar','192.168.56.1','DESKTOP-6VKCMBO',_binary ''),(1084,22,1,'2025-10-07 13:11:27','Asignación Aplicación a Usuario - Quitar','192.168.56.1','DESKTOP-6VKCMBO',_binary ''),(1085,2,NULL,'2025-10-07 13:14:30','Ingreso','192.168.137.1','COMPU_CESAR',_binary ''),(1086,22,NULL,'2025-10-07 13:14:53','Ingreso','192.168.56.1','DESKTOP-6VKCMBO',_binary ''),(1087,2,NULL,'2025-10-07 13:19:47','Ingreso','192.168.137.1','COMPU_CESAR',_binary ''),(1088,22,NULL,'2025-10-07 13:20:43','Ingreso','192.168.56.1','DESKTOP-6VKCMBO',_binary ''),(1089,2,NULL,'2025-10-07 13:24:15','Ingreso','192.168.137.1','COMPU_CESAR',_binary ''),(1090,22,NULL,'2025-10-07 13:28:38','Asignación Aplicación a Usuario - Agregar','192.168.56.1','DESKTOP-6VKCMBO',_binary ''),(1091,22,NULL,'2025-10-07 13:34:09','Ingreso','192.168.56.1','DESKTOP-6VKCMBO',_binary ''),(1092,2,NULL,'2025-10-07 13:34:30','Ingreso','192.168.137.1','COMPU_CESAR',_binary ''),(1093,2,NULL,'2025-10-07 13:55:07','Ingreso','192.168.137.1','COMPU_CESAR',_binary ''),(1094,22,NULL,'2025-10-07 13:58:06','Ingreso','192.168.56.1','DESKTOP-6VKCMBO',_binary ''),(1095,22,NULL,'2025-10-07 14:01:41','Ingreso','192.168.56.1','DESKTOP-6VKCMBO',_binary ''),(1096,2,NULL,'2025-10-07 14:02:59','Ingreso','192.168.137.1','COMPU_CESAR',_binary ''),(1097,2,1,'2025-10-07 14:04:17','Guardar aplicación','192.168.137.1','COMPU_CESAR',_binary ''),(1098,2,NULL,'2025-10-07 14:06:12','Ingreso','192.168.137.1','COMPU_CESAR',_binary ''),(1099,22,NULL,'2025-10-07 14:06:50','Ingreso','192.168.56.1','DESKTOP-6VKCMBO',_binary ''),(1100,22,NULL,'2025-10-07 14:09:59','Ingreso','192.168.56.1','DESKTOP-6VKCMBO',_binary ''),(1101,2,NULL,'2025-10-07 14:12:43','Ingreso','192.168.137.1','COMPU_CESAR',_binary ''),(1102,2,NULL,'2025-10-07 14:21:12','Ingreso','192.168.137.1','COMPU_CESAR',_binary ''),(1103,22,NULL,'2025-10-07 14:24:02','Ingreso','192.168.56.1','DESKTOP-6VKCMBO',_binary ''),(1104,22,NULL,'2025-10-07 14:26:10','Ingreso','192.168.56.1','DESKTOP-6VKCMBO',_binary ''),(1105,22,10,'2025-10-07 14:26:30','Asignación Aplicación a Usuario - Agregar','192.168.56.1','DESKTOP-6VKCMBO',_binary ''),(1106,2,NULL,'2025-10-07 14:28:52','Ingreso','192.168.137.1','COMPU_CESAR',_binary ''),(1107,22,NULL,'2025-10-07 14:29:17','Ingreso','192.168.56.1','DESKTOP-6VKCMBO',_binary ''),(1108,22,10,'2025-10-07 14:29:43','Asignación Aplicación a Usuario - Agregar','192.168.56.1','DESKTOP-6VKCMBO',_binary ''),(1109,22,NULL,'2025-10-07 14:32:18','Ingreso','192.168.56.1','DESKTOP-6VKCMBO',_binary ''),(1110,22,1,'2025-10-07 14:32:40','Asignación Aplicación a Usuario - Agregar','192.168.56.1','DESKTOP-6VKCMBO',_binary ''),(1111,2,NULL,'2025-10-07 14:33:56','Ingreso','192.168.137.1','COMPU_CESAR',_binary ''),(1112,22,NULL,'2025-10-07 14:35:49','Ingreso','192.168.56.1','DESKTOP-6VKCMBO',_binary ''),(1113,22,3,'2025-10-07 14:36:08','Asignación Aplicación a Usuario - Agregar','192.168.56.1','DESKTOP-6VKCMBO',_binary ''),(1114,22,NULL,'2025-10-07 14:39:15','Ingreso','192.168.56.1','DESKTOP-6VKCMBO',_binary ''),(1115,22,10,'2025-10-07 14:39:33','Asignación Aplicación a Usuario - Agregar','192.168.56.1','DESKTOP-6VKCMBO',_binary ''),(1116,2,NULL,'2025-10-07 14:43:23','Ingreso','192.168.137.1','COMPU_CESAR',_binary ''),(1117,22,NULL,'2025-10-07 14:44:27','Ingreso','192.168.56.1','DESKTOP-6VKCMBO',_binary ''),(1118,22,1,'2025-10-07 14:44:48','Asignación Aplicación a Usuario - Agregar','192.168.56.1','DESKTOP-6VKCMBO',_binary ''),(1119,2,NULL,'2025-10-07 14:44:45','Ingreso','192.168.137.1','COMPU_CESAR',_binary ''),(1120,22,1,'2025-10-07 14:44:52','Asignación Aplicación a Usuario - Actualizar','192.168.56.1','DESKTOP-6VKCMBO',_binary ''),(1121,2,NULL,'2025-10-07 14:56:12','Ingreso','192.168.137.1','COMPU_CESAR',_binary ''),(1122,2,NULL,'2025-10-07 14:58:46','Ingreso','192.168.137.1','COMPU_CESAR',_binary ''),(1123,2,10,'2025-10-07 14:59:12','Asignación Permisos Perfil - Agregar','192.168.137.1','COMPU_CESAR',_binary ''),(1124,2,10,'2025-10-07 14:59:24','Asignación aplicación a perfil - Insertar','192.168.137.1','COMPU_CESAR',_binary ''),(1125,2,NULL,'2025-10-07 15:07:16','Ingreso','192.168.137.1','COMPU_CESAR',_binary ''),(1126,2,10,'2025-10-07 15:07:38','Asignación Aplicación a Usuario - Agregar','192.168.137.1','COMPU_CESAR',_binary ''),(1127,22,NULL,'2025-10-07 15:10:25','Ingreso','192.168.56.1','DESKTOP-6VKCMBO',_binary ''),(1128,22,10,'2025-10-07 15:10:45','Asignación Aplicación a Usuario - Agregar','192.168.56.1','DESKTOP-6VKCMBO',_binary ''),(1129,2,NULL,'2025-10-07 15:10:48','Ingreso','192.168.137.1','COMPU_CESAR',_binary ''),(1130,2,5,'2025-10-07 15:11:03','Asignación Permisos Perfil - Agregar','192.168.137.1','COMPU_CESAR',_binary ''),(1131,2,5,'2025-10-07 15:11:09','Asignación aplicación a perfil - Insertar','192.168.137.1','COMPU_CESAR',_binary ''),(1132,22,NULL,'2025-10-07 15:13:24','Ingreso','192.168.56.1','DESKTOP-6VKCMBO',_binary ''),(1133,22,10,'2025-10-07 15:13:46','Asignación Aplicación a Usuario - Agregar','192.168.56.1','DESKTOP-6VKCMBO',_binary ''),(1134,22,NULL,'2025-10-07 15:23:13','Ingreso','192.168.56.1','DESKTOP-6VKCMBO',_binary ''),(1135,22,10,'2025-10-07 15:23:36','Asignación Aplicación a Usuario - Agregar','192.168.56.1','DESKTOP-6VKCMBO',_binary ''),(1136,2,NULL,'2025-10-07 15:24:26','Ingreso','192.168.137.1','COMPU_CESAR',_binary ''),(1137,2,NULL,'2025-10-07 15:24:44','Permisos Perfil - Consulta','192.168.137.1','COMPU_CESAR',_binary ''),(1138,22,NULL,'2025-10-07 15:26:05','Ingreso','192.168.56.1','DESKTOP-6VKCMBO',_binary ''),(1139,22,10,'2025-10-07 15:26:28','Asignación Aplicación a Usuario - Agregar','192.168.56.1','DESKTOP-6VKCMBO',_binary ''),(1140,22,NULL,'2025-10-07 15:33:27','Ingreso','192.168.56.1','DESKTOP-6VKCMBO',_binary ''),(1141,22,5,'2025-10-07 15:33:49','Asignación Aplicación a Usuario - Agregar','192.168.56.1','DESKTOP-6VKCMBO',_binary ''),(1142,22,NULL,'2025-10-07 15:36:53','Ingreso','192.168.56.1','DESKTOP-6VKCMBO',_binary ''),(1143,22,1,'2025-10-07 15:37:18','Asignación Aplicación a Usuario - Agregar','192.168.56.1','DESKTOP-6VKCMBO',_binary ''),(1144,22,NULL,'2025-10-07 15:43:10','Ingreso','192.168.56.1','DESKTOP-6VKCMBO',_binary ''),(1145,22,1,'2025-10-07 15:43:33','Asignación Aplicación a Usuario - Agregar','192.168.56.1','DESKTOP-6VKCMBO',_binary ''),(1146,22,NULL,'2025-10-07 15:45:37','Ingreso','192.168.56.1','DESKTOP-6VKCMBO',_binary ''),(1147,22,5,'2025-10-07 15:46:00','Asignación Aplicación a Usuario - Agregar','192.168.56.1','DESKTOP-6VKCMBO',_binary ''),(1148,2,NULL,'2025-10-07 15:49:17','Ingreso','192.168.137.1','COMPU_CESAR',_binary ''),(1149,2,10,'2025-10-07 15:49:40','Asignación Aplicación a Usuario - Agregar','192.168.137.1','COMPU_CESAR',_binary ''),(1150,2,10,'2025-10-07 15:49:46','Asignación Aplicación a Usuario - Insertar','192.168.137.1','COMPU_CESAR',_binary ''),(1151,2,10,'2025-10-07 15:50:59','Asignación Aplicación a Usuario - Agregar','192.168.137.1','COMPU_CESAR',_binary ''),(1152,2,10,'2025-10-07 15:51:07','Asignación Aplicación a Usuario - Insertar','192.168.137.1','COMPU_CESAR',_binary ''),(1153,22,NULL,'2025-10-07 15:53:39','Ingreso','192.168.56.1','DESKTOP-6VKCMBO',_binary ''),(1154,22,1,'2025-10-07 15:54:00','Asignación Aplicación a Usuario - Agregar','192.168.56.1','DESKTOP-6VKCMBO',_binary ''),(1155,2,NULL,'2025-10-07 15:59:31','Ingreso','192.168.137.1','COMPU_CESAR',_binary ''),(1156,2,10,'2025-10-07 15:59:56','Asignación Aplicación a Usuario - Agregar','192.168.137.1','COMPU_CESAR',_binary ''),(1157,2,10,'2025-10-07 16:00:08','Asignación Aplicación a Usuario - Insertar','192.168.137.1','COMPU_CESAR',_binary ''),(1158,2,5,'2025-10-07 16:01:14','Asignación Aplicación a Usuario - Agregar','192.168.137.1','COMPU_CESAR',_binary ''),(1159,2,5,'2025-10-07 16:01:24','Asignación Aplicación a Usuario - Insertar','192.168.137.1','COMPU_CESAR',_binary ''),(1160,2,10,'2025-10-07 16:02:15','Asignación Aplicación a Usuario - Quitar','192.168.137.1','COMPU_CESAR',_binary ''),(1161,2,10,'2025-10-07 16:03:07','Asignación Aplicación a Usuario - Actualizar','192.168.137.1','COMPU_CESAR',_binary ''),(1162,2,1,'2025-10-07 16:03:34','Asignación Aplicación a Usuario - Agregar','192.168.137.1','COMPU_CESAR',_binary ''),(1163,2,1,'2025-10-07 16:03:39','Asignación Aplicación a Usuario - Insertar','192.168.137.1','COMPU_CESAR',_binary ''),(1164,2,1,'2025-10-07 16:03:54','Asignación Aplicación a Usuario - Actualizar','192.168.137.1','COMPU_CESAR',_binary ''),(1165,2,1,'2025-10-07 16:04:33','Asignación Aplicación a Usuario - Actualizar','192.168.137.1','COMPU_CESAR',_binary ''),(1166,2,1,'2025-10-07 16:04:53','Asignación Aplicación a Usuario - Actualizar','192.168.137.1','COMPU_CESAR',_binary ''),(1167,2,NULL,'2025-10-07 16:05:22','Permisos Perfil - Consulta','192.168.137.1','COMPU_CESAR',_binary ''),(1168,2,10,'2025-10-07 16:05:54','Asignación aplicación a perfil - Insertar','192.168.137.1','COMPU_CESAR',_binary ''),(1169,2,5,'2025-10-07 16:05:56','Asignación aplicación a perfil - Insertar','192.168.137.1','COMPU_CESAR',_binary ''),(1170,2,NULL,'2025-10-07 16:06:08','Permisos Perfil - Consulta','192.168.137.1','COMPU_CESAR',_binary ''),(1171,2,5,'2025-10-07 16:06:12','Asignación Perfil a Usuario - Quitar','192.168.137.1','COMPU_CESAR',_binary ''),(1172,2,10,'2025-10-07 16:06:30','Asignación aplicación a perfil - Insertar','192.168.137.1','COMPU_CESAR',_binary ''),(1173,22,NULL,'2025-10-07 16:07:48','Ingreso','192.168.137.1','COMPU_CESAR',_binary ''),(1174,2,NULL,'2025-10-07 16:14:02','Ingreso','192.168.137.1','COMPU_CESAR',_binary ''),(1175,2,10,'2025-10-07 16:16:26','Asignación Permisos Perfil - Agregar','192.168.137.1','COMPU_CESAR',_binary ''),(1176,2,NULL,'2025-10-07 16:17:37','Ingreso','192.168.137.1','COMPU_CESAR',_binary ''),(1177,2,NULL,'2025-10-07 16:20:04','Ingreso','192.168.137.1','COMPU_CESAR',_binary ''),(1178,2,10,'2025-10-07 16:20:24','Asignación Permisos Perfil - Agregar','192.168.137.1','COMPU_CESAR',_binary ''),(1179,2,NULL,'2025-10-07 16:22:38','Ingreso','192.168.137.1','COMPU_CESAR',_binary ''),(1180,12,NULL,'2025-10-07 17:18:13','Ingreso','192.168.1.102','LUCHCODEDEV',_binary ''),(1181,12,NULL,'2025-10-07 17:18:25','Cierre de sesión','192.168.1.102','LUCHCODEDEV',_binary '\0'),(1182,31,NULL,'2025-10-07 17:18:32','Ingreso','192.168.1.102','LUCHCODEDEV',_binary ''),(1183,4,NULL,'2025-10-07 17:35:21','Ingreso','192.168.56.1','DESKTOP-01DDSQ2',_binary ''),(1184,4,5,'2025-10-07 17:39:06','Asignación Aplicación a Usuario - Agregar','192.168.56.1','DESKTOP-01DDSQ2',_binary ''),(1185,4,5,'2025-10-07 17:39:18','Asignación Aplicación a Usuario - Insertar','192.168.56.1','DESKTOP-01DDSQ2',_binary ''),(1186,12,NULL,'2025-10-07 17:45:10','Ingreso','192.168.1.55','BELY',_binary ''),(1187,12,NULL,'2025-10-07 17:45:33','Cierre de sesión','192.168.1.55','BELY',_binary '\0'),(1188,4,NULL,'2025-10-07 17:45:52','Ingreso','192.168.1.55','BELY',_binary ''),(1189,4,NULL,'2025-10-07 17:46:48','Cierre de sesión','192.168.1.55','BELY',_binary '\0'),(1190,12,NULL,'2025-10-07 17:47:46','Ingreso','192.168.1.55','BELY',_binary ''),(1191,2,NULL,'2025-10-07 17:51:53','Ingreso','192.168.137.1','COMPU_CESAR',_binary ''),(1192,2,NULL,'2025-10-07 17:55:22','Ingreso','192.168.137.1','COMPU_CESAR',_binary ''),(1193,2,1,'2025-10-07 17:56:35','Guardar módulo','192.168.137.1','COMPU_CESAR',_binary ''),(1194,2,1,'2025-10-07 17:57:10','Guardar módulo','192.168.137.1','COMPU_CESAR',_binary ''),(1195,2,1,'2025-10-07 17:58:59','Guardar aplicación','192.168.137.1','COMPU_CESAR',_binary ''),(1196,22,NULL,'2025-10-07 18:00:18','Ingreso','192.168.56.1','DESKTOP-6VKCMBO',_binary ''),(1197,2,NULL,'2025-10-07 18:00:48','Ingreso','192.168.137.1','COMPU_CESAR',_binary ''),(1198,2,1,'2025-10-07 18:01:59','Guardar aplicación','192.168.137.1','COMPU_CESAR',_binary ''),(1199,2,1,'2025-10-07 18:02:48','Guardar aplicación','192.168.137.1','COMPU_CESAR',_binary ''),(1200,2,1,'2025-10-07 18:03:38','Guardar aplicación','192.168.137.1','COMPU_CESAR',_binary ''),(1201,2,1,'2025-10-07 18:04:17','Guardar aplicación','192.168.137.1','COMPU_CESAR',_binary ''),(1202,2,1,'2025-10-07 18:05:07','Guardar aplicación','192.168.137.1','COMPU_CESAR',_binary ''),(1203,2,1,'2025-10-07 18:05:56','Guardar aplicación','192.168.137.1','COMPU_CESAR',_binary ''),(1204,12,NULL,'2025-10-07 18:05:59','Ingreso','192.168.1.102','LUCHCODEDEV',_binary ''),(1205,2,1,'2025-10-07 18:06:52','Guardar aplicación','192.168.137.1','COMPU_CESAR',_binary ''),(1206,2,1,'2025-10-07 18:08:28','Guardar módulo','192.168.137.1','COMPU_CESAR',_binary ''),(1207,2,NULL,'2025-10-07 18:10:32','Ingreso','192.168.137.1','COMPU_CESAR',_binary ''),(1208,2,NULL,'2025-10-07 18:12:38','Ingreso','192.168.137.1','COMPU_CESAR',_binary ''),(1209,12,NULL,'2025-10-07 18:18:39','Ingreso','192.168.1.102','LUCHCODEDEV',_binary ''),(1210,2,NULL,'2025-10-07 18:18:45','Ingreso','192.168.137.1','COMPU_CESAR',_binary ''),(1211,12,NULL,'2025-10-07 18:19:15','Ingreso','192.168.1.102','LUCHCODEDEV',_binary ''),(1212,2,1,'2025-10-07 18:19:55','Modificar aplicación','192.168.137.1','COMPU_CESAR',_binary ''),(1213,2,1,'2025-10-07 18:20:42','Modificar aplicación','192.168.137.1','COMPU_CESAR',_binary ''),(1214,2,NULL,'2025-10-07 18:27:13','Ingreso','192.168.137.1','COMPU_CESAR',_binary ''),(1215,22,NULL,'2025-10-07 18:30:00','Ingreso','192.168.56.1','DESKTOP-6VKCMBO',_binary ''),(1216,12,NULL,'2025-10-07 18:50:27','Ingreso','192.168.1.102','LUCHCODEDEV',_binary ''),(1217,12,NULL,'2025-10-07 19:12:39','Ingreso','192.168.1.102','LUCHCODEDEV',_binary ''),(1218,12,NULL,'2025-10-07 19:15:34','Ingreso','192.168.1.102','LUCHCODEDEV',_binary ''),(1219,12,NULL,'2025-10-07 19:16:44','Ingreso','192.168.1.102','LUCHCODEDEV',_binary ''),(1220,12,NULL,'2025-10-07 19:17:34','Ingreso','192.168.1.102','LUCHCODEDEV',_binary ''),(1221,12,NULL,'2025-10-07 19:19:41','Ingreso','192.168.1.102','LUCHCODEDEV',_binary ''),(1222,12,NULL,'2025-10-07 19:20:26','Ingreso','192.168.1.102','LUCHCODEDEV',_binary ''),(1223,12,NULL,'2025-10-07 19:21:59','Ingreso','192.168.1.102','LUCHCODEDEV',_binary ''),(1224,12,NULL,'2025-10-07 19:23:36','Ingreso','192.168.1.102','LUCHCODEDEV',_binary ''),(1225,12,301,'2025-10-07 19:24:05','Asignación Aplicación a Usuario - Agregar','192.168.1.102','LUCHCODEDEV',_binary ''),(1226,12,301,'2025-10-07 19:24:10','Asignación Aplicación a Usuario - Insertar','192.168.1.102','LUCHCODEDEV',_binary ''),(1227,12,302,'2025-10-07 19:24:23','Asignación Aplicación a Usuario - Agregar','192.168.1.102','LUCHCODEDEV',_binary ''),(1228,12,303,'2025-10-07 19:24:38','Asignación Aplicación a Usuario - Agregar','192.168.1.102','LUCHCODEDEV',_binary ''),(1229,12,305,'2025-10-07 19:24:48','Asignación Aplicación a Usuario - Agregar','192.168.1.102','LUCHCODEDEV',_binary ''),(1230,12,306,'2025-10-07 19:25:00','Asignación Aplicación a Usuario - Agregar','192.168.1.102','LUCHCODEDEV',_binary ''),(1231,12,307,'2025-10-07 19:25:14','Asignación Aplicación a Usuario - Agregar','192.168.1.102','LUCHCODEDEV',_binary ''),(1232,12,308,'2025-10-07 19:25:26','Asignación Aplicación a Usuario - Agregar','192.168.1.102','LUCHCODEDEV',_binary ''),(1233,12,301,'2025-10-07 19:25:29','Asignación Aplicación a Usuario - Actualizar','192.168.1.102','LUCHCODEDEV',_binary ''),(1234,12,302,'2025-10-07 19:25:31','Asignación Aplicación a Usuario - Insertar','192.168.1.102','LUCHCODEDEV',_binary ''),(1235,12,303,'2025-10-07 19:25:33','Asignación Aplicación a Usuario - Insertar','192.168.1.102','LUCHCODEDEV',_binary ''),(1236,12,305,'2025-10-07 19:25:34','Asignación Aplicación a Usuario - Insertar','192.168.1.102','LUCHCODEDEV',_binary ''),(1237,12,306,'2025-10-07 19:25:36','Asignación Aplicación a Usuario - Insertar','192.168.1.102','LUCHCODEDEV',_binary ''),(1238,12,307,'2025-10-07 19:25:40','Asignación Aplicación a Usuario - Insertar','192.168.1.102','LUCHCODEDEV',_binary ''),(1239,12,308,'2025-10-07 19:25:42','Asignación Aplicación a Usuario - Insertar','192.168.1.102','LUCHCODEDEV',_binary ''),(1240,12,NULL,'2025-10-07 19:25:50','Cierre de sesión','192.168.1.102','LUCHCODEDEV',_binary '\0'),(1241,12,NULL,'2025-10-07 19:26:00','Ingreso','192.168.1.102','LUCHCODEDEV',_binary ''),(1242,12,NULL,'2025-10-07 19:27:02','Ingreso','192.168.1.102','LUCHCODEDEV',_binary ''),(1243,12,NULL,'2025-10-07 19:36:08','Ingreso','192.168.1.102','LUCHCODEDEV',_binary ''),(1244,22,NULL,'2025-10-07 19:36:12','Ingreso','192.168.56.1','DESKTOP-6VKCMBO',_binary ''),(1245,22,NULL,'2025-10-07 19:39:32','Ingreso','192.168.56.1','DESKTOP-6VKCMBO',_binary ''),(1246,12,NULL,'2025-10-07 19:41:12','Ingreso','192.168.1.102','LUCHCODEDEV',_binary ''),(1247,22,303,'2025-10-07 19:41:14','Asignación Aplicación a Usuario - Agregar','192.168.56.1','DESKTOP-6VKCMBO',_binary ''),(1248,22,303,'2025-10-07 19:41:21','Asignación Aplicación a Usuario - Insertar','192.168.56.1','DESKTOP-6VKCMBO',_binary ''),(1249,22,NULL,'2025-10-07 19:41:50','Ingreso','192.168.56.1','DESKTOP-6VKCMBO',_binary ''),(1250,12,NULL,'2025-10-07 19:44:15','Ingreso','192.168.1.102','LUCHCODEDEV',_binary ''),(1251,22,NULL,'2025-10-07 19:46:15','Ingreso','192.168.56.1','DESKTOP-6VKCMBO',_binary ''),(1252,22,NULL,'2025-10-07 19:48:42','Ingreso','192.168.56.1','DESKTOP-6VKCMBO',_binary ''),(1253,22,NULL,'2025-10-07 19:52:15','Ingreso','192.168.56.1','DESKTOP-6VKCMBO',_binary ''),(1254,22,NULL,'2025-10-07 19:53:03','Ingreso','192.168.56.1','DESKTOP-6VKCMBO',_binary ''),(1255,2,NULL,'2025-10-07 19:55:43','Ingreso','192.168.56.1','DESKTOP-6VKCMBO',_binary ''),(1256,12,NULL,'2025-10-07 19:57:09','Ingreso','192.168.1.102','LUCHCODEDEV',_binary ''),(1257,12,NULL,'2025-10-07 20:04:51','Ingreso','192.168.1.102','LUCHCODEDEV',_binary ''),(1258,22,NULL,'2025-10-07 20:08:10','Ingreso','192.168.56.1','DESKTOP-6VKCMBO',_binary ''),(1259,12,NULL,'2025-10-07 20:09:44','Ingreso','192.168.1.102','LUCHCODEDEV',_binary ''),(1260,12,NULL,'2025-10-07 20:33:30','Ingreso','192.168.1.102','LUCHCODEDEV',_binary ''),(1261,12,NULL,'2025-10-07 20:38:20','Ingreso','192.168.1.102','LUCHCODEDEV',_binary ''),(1262,12,NULL,'2025-10-07 20:41:23','Ingreso','192.168.1.102','LUCHCODEDEV',_binary ''),(1263,12,NULL,'2025-10-07 20:43:02','Ingreso','192.168.1.102','LUCHCODEDEV',_binary ''),(1264,12,NULL,'2025-10-07 20:44:11','Ingreso','192.168.1.102','LUCHCODEDEV',_binary ''),(1265,12,NULL,'2025-10-07 20:49:05','Ingreso','192.168.1.102','LUCHCODEDEV',_binary ''),(1266,12,NULL,'2025-10-07 20:52:06','Ingreso','192.168.1.102','LUCHCODEDEV',_binary ''),(1267,12,NULL,'2025-10-07 20:54:10','Ingreso','192.168.1.102','LUCHCODEDEV',_binary ''),(1268,12,NULL,'2025-10-07 20:55:34','Ingreso','192.168.1.102','LUCHCODEDEV',_binary ''),(1269,22,NULL,'2025-10-07 20:56:15','Ingreso','192.168.56.1','DESKTOP-6VKCMBO',_binary ''),(1270,22,NULL,'2025-10-07 20:56:41','Cierre de sesión','192.168.56.1','DESKTOP-6VKCMBO',_binary '\0'),(1271,2,NULL,'2025-10-07 20:56:53','Ingreso','192.168.56.1','DESKTOP-6VKCMBO',_binary ''),(1272,12,NULL,'2025-10-07 21:01:43','Ingreso','192.168.56.1','DESKTOP-01DDSQ2',_binary ''),(1273,12,NULL,'2025-10-07 21:28:19','Ingreso','192.168.1.102','LUCHCODEDEV',_binary ''),(1274,12,NULL,'2025-10-07 21:28:59','Ingreso','192.168.1.102','LUCHCODEDEV',_binary ''),(1275,12,301,'2025-10-07 21:34:09','Asignación Aplicación a Usuario - Actualizar','192.168.56.1','DESKTOP-01DDSQ2',_binary ''),(1276,12,302,'2025-10-07 21:34:12','Asignación Aplicación a Usuario - Actualizar','192.168.56.1','DESKTOP-01DDSQ2',_binary ''),(1277,12,303,'2025-10-07 21:34:15','Asignación Aplicación a Usuario - Actualizar','192.168.56.1','DESKTOP-01DDSQ2',_binary ''),(1278,12,305,'2025-10-07 21:34:18','Asignación Aplicación a Usuario - Actualizar','192.168.56.1','DESKTOP-01DDSQ2',_binary ''),(1279,12,306,'2025-10-07 21:34:21','Asignación Aplicación a Usuario - Actualizar','192.168.56.1','DESKTOP-01DDSQ2',_binary ''),(1280,12,307,'2025-10-07 21:34:26','Asignación Aplicación a Usuario - Actualizar','192.168.56.1','DESKTOP-01DDSQ2',_binary ''),(1281,12,308,'2025-10-07 21:34:29','Asignación Aplicación a Usuario - Actualizar','192.168.56.1','DESKTOP-01DDSQ2',_binary ''),(1282,12,NULL,'2025-10-07 21:34:48','Cierre de sesión','192.168.1.102','LUCHCODEDEV',_binary '\0'),(1283,12,NULL,'2025-10-07 21:35:10','Ingreso','192.168.1.102','LUCHCODEDEV',_binary ''),(1284,2,NULL,'2025-10-07 21:37:01','Ingreso','192.168.137.1','COMPU_CESAR',_binary ''),(1285,2,NULL,'2025-10-07 21:49:34','Ingreso','192.168.137.1','COMPU_CESAR',_binary ''),(1286,1,NULL,'2025-10-07 21:52:52','Ingreso','192.168.1.7','RICARDO',_binary ''),(1287,2,NULL,'2025-10-07 21:56:12','Ingreso','192.168.137.1','COMPU_CESAR',_binary ''),(1288,12,NULL,'2025-10-07 21:57:54','Ingreso','192.168.1.102','LUCHCODEDEV',_binary ''),(1289,12,NULL,'2025-10-07 22:00:27','Ingreso','192.168.1.102','LUCHCODEDEV',_binary ''),(1290,2,NULL,'2025-10-07 22:00:26','Ingreso','192.168.137.1','COMPU_CESAR',_binary ''),(1291,1,NULL,'2025-10-07 22:01:31','Cierre de sesión','192.168.1.7','RICARDO',_binary '\0'),(1292,12,NULL,'2025-10-07 22:03:22','Ingreso','192.168.1.102','LUCHCODEDEV',_binary ''),(1293,2,NULL,'2025-10-07 22:03:54','Ingreso','192.168.1.7','RICARDO',_binary ''),(1294,12,NULL,'2025-10-07 22:06:11','Ingreso','192.168.1.102','LUCHCODEDEV',_binary ''),(1295,2,NULL,'2025-10-07 22:09:55','Ingreso','192.168.137.1','COMPU_CESAR',_binary ''),(1296,2,NULL,'2025-10-07 22:12:13','Ingreso','192.168.137.1','COMPU_CESAR',_binary ''),(1297,2,NULL,'2025-10-07 22:12:54','Ingreso','192.168.137.1','COMPU_CESAR',_binary ''),(1298,2,1,'2025-10-07 22:13:25','Eliminar aplicación','192.168.137.1','COMPU_CESAR',_binary ''),(1299,2,NULL,'2025-10-07 22:13:56','Ingreso','192.168.1.7','RICARDO',_binary ''),(1300,2,NULL,'2025-10-07 22:19:20','Ingreso','192.168.1.7','RICARDO',_binary ''),(1301,2,NULL,'2025-10-07 22:27:24','Ingreso','192.168.137.1','COMPU_CESAR',_binary ''),(1302,2,1,'2025-10-07 22:28:17','Guardar aplicación','192.168.137.1','COMPU_CESAR',_binary ''),(1303,12,NULL,'2025-10-07 22:28:43','Ingreso','192.168.1.102','LUCHCODEDEV',_binary ''),(1304,2,NULL,'2025-10-07 22:30:40','Ingreso','192.168.1.7','RICARDO',_binary ''),(1305,2,NULL,'2025-10-07 22:32:10','Ingreso','192.168.1.7','RICARDO',_binary ''),(1306,2,NULL,'2025-10-07 22:32:52','Guardar módulo','192.168.1.7','RICARDO',_binary ''),(1307,2,NULL,'2025-10-07 22:33:02','Eliminar módulo','192.168.1.7','RICARDO',_binary ''),(1308,2,1,'2025-10-07 22:33:35','Eliminar aplicación','192.168.1.7','RICARDO',_binary ''),(1310,22,NULL,'2025-10-07 22:51:58','Ingreso','192.168.56.1','DESKTOP-6VKCMBO',_binary ''),(1311,2,NULL,'2025-10-07 23:07:45','Ingreso','192.168.137.1','COMPU_CESAR',_binary ''),(1312,2,1,'2025-10-07 23:08:19','Eliminar aplicación','192.168.137.1','COMPU_CESAR',_binary ''),(1313,12,NULL,'2025-10-07 23:28:16','Ingreso','192.168.1.102','LUCHCODEDEV',_binary ''),(1314,12,NULL,'2025-10-07 23:35:24','Ingreso','192.168.1.102','LUCHCODEDEV',_binary ''),(1315,12,NULL,'2025-10-07 23:36:47','Ingreso','192.168.1.102','LUCHCODEDEV',_binary ''),(1316,12,NULL,'2025-10-07 23:37:19','Cierre de sesión','192.168.1.102','LUCHCODEDEV',_binary '\0'),(1317,31,NULL,'2025-10-07 23:37:31','Ingreso','192.168.1.102','LUCHCODEDEV',_binary ''),(1318,31,NULL,'2025-10-07 23:37:42','Cierre de sesión','192.168.1.102','LUCHCODEDEV',_binary '\0'),(1319,12,NULL,'2025-10-07 23:37:51','Ingreso','192.168.1.102','LUCHCODEDEV',_binary ''),(1320,12,301,'2025-10-07 23:38:18','Asignación Aplicación a Usuario - Agregar','192.168.1.102','LUCHCODEDEV',_binary ''),(1321,12,301,'2025-10-07 23:38:22','Asignación Aplicación a Usuario - Insertar','192.168.1.102','LUCHCODEDEV',_binary ''),(1322,31,NULL,'2025-10-07 23:39:54','Ingreso','192.168.1.102','LUCHCODEDEV',_binary ''),(1323,31,NULL,'2025-10-07 23:40:05','Cierre de sesión','192.168.1.102','LUCHCODEDEV',_binary '\0'),(1324,12,NULL,'2025-10-07 23:40:14','Ingreso','192.168.1.102','LUCHCODEDEV',_binary ''),(1325,12,NULL,'2025-10-07 23:43:24','Ingreso','192.168.1.102','LUCHCODEDEV',_binary ''),(1326,12,NULL,'2025-10-07 23:44:14','Ingreso','192.168.1.102','LUCHCODEDEV',_binary ''),(1327,12,1,'2025-10-07 23:44:43','Guardo nuevo usuario','192.168.1.102','LUCHCODEDEV',_binary ''),(1328,12,NULL,'2025-10-07 23:44:47','Cierre de sesión','192.168.1.102','LUCHCODEDEV',_binary '\0'),(1329,35,NULL,'2025-10-07 23:44:54','Ingreso','192.168.1.102','LUCHCODEDEV',_binary ''),(1330,35,NULL,'2025-10-07 23:45:03','Cierre de sesión','192.168.1.102','LUCHCODEDEV',_binary '\0'),(1331,12,NULL,'2025-10-07 23:45:11','Ingreso','192.168.1.102','LUCHCODEDEV',_binary ''),(1332,12,302,'2025-10-07 23:45:40','Asignación Aplicación a Usuario - Agregar','192.168.1.102','LUCHCODEDEV',_binary ''),(1333,12,302,'2025-10-07 23:45:45','Asignación Aplicación a Usuario - Insertar','192.168.1.102','LUCHCODEDEV',_binary ''),(1334,12,NULL,'2025-10-07 23:45:52','Cierre de sesión','192.168.1.102','LUCHCODEDEV',_binary '\0'),(1335,35,NULL,'2025-10-07 23:46:02','Ingreso','192.168.1.102','LUCHCODEDEV',_binary ''),(1336,35,NULL,'2025-10-07 23:47:40','Cierre de sesión','192.168.1.102','LUCHCODEDEV',_binary '\0'),(1337,12,NULL,'2025-10-07 23:47:57','Ingreso','192.168.1.102','LUCHCODEDEV',_binary ''),(1338,12,NULL,'2025-10-07 23:55:14','Ingreso','192.168.1.102','LUCHCODEDEV',_binary ''),(1339,22,NULL,'2025-10-07 23:57:35','Ingreso','192.168.56.1','DESKTOP-6VKCMBO',_binary ''),(1340,22,1,'2025-10-07 23:57:53','Asignación Aplicación a Usuario - Agregar','192.168.56.1','DESKTOP-6VKCMBO',_binary ''),(1341,22,1,'2025-10-07 23:57:58','Asignación Aplicación a Usuario - Actualizar','192.168.56.1','DESKTOP-6VKCMBO',_binary ''),(1342,12,NULL,'2025-10-07 23:59:02','Ingreso','192.168.1.102','LUCHCODEDEV',_binary ''),(1343,12,NULL,'2025-10-08 00:00:18','Ingreso','192.168.1.102','LUCHCODEDEV',_binary ''),(1344,2,NULL,'2025-10-08 00:01:20','Ingreso','192.168.137.1','COMPU_CESAR',_binary ''),(1345,12,NULL,'2025-10-08 00:05:40','Ingreso','192.168.1.102','LUCHCODEDEV',_binary ''),(1346,2,NULL,'2025-10-08 00:05:44','Ingreso','192.168.137.1','COMPU_CESAR',_binary ''),(1347,12,NULL,'2025-10-08 00:12:33','Ingreso','192.168.1.102','LUCHCODEDEV',_binary ''),(1348,12,NULL,'2025-10-08 00:23:35','Ingreso','192.168.1.102','LUCHCODEDEV',_binary ''),(1349,12,NULL,'2025-10-08 00:23:54','Cierre de sesión','192.168.1.102','LUCHCODEDEV',_binary '\0'),(1350,35,NULL,'2025-10-08 00:24:01','Ingreso','192.168.1.102','LUCHCODEDEV',_binary ''),(1351,35,NULL,'2025-10-08 00:25:28','Cierre de sesión','192.168.1.102','LUCHCODEDEV',_binary '\0'),(1352,12,NULL,'2025-10-08 00:25:41','Ingreso','192.168.1.102','LUCHCODEDEV',_binary ''),(1353,12,302,'2025-10-08 00:26:21','Asignación Aplicación a Usuario - Quitar','192.168.1.102','LUCHCODEDEV',_binary ''),(1354,12,302,'2025-10-08 00:26:35','Asignación Aplicación a Usuario - Quitar','192.168.1.102','LUCHCODEDEV',_binary ''),(1355,12,NULL,'2025-10-08 00:32:11','Ingreso','192.168.1.102','LUCHCODEDEV',_binary ''),(1356,12,NULL,'2025-10-08 00:32:23','Cierre de sesión','192.168.1.102','LUCHCODEDEV',_binary '\0'),(1357,35,NULL,'2025-10-08 00:32:31','Ingreso','192.168.1.102','LUCHCODEDEV',_binary ''),(1358,35,NULL,'2025-10-08 00:33:11','Cierre de sesión','192.168.1.102','LUCHCODEDEV',_binary '\0'),(1359,35,NULL,'2025-10-08 00:35:25','Ingreso','192.168.1.102','LUCHCODEDEV',_binary ''),(1360,35,NULL,'2025-10-08 00:36:28','Cierre de sesión','192.168.1.102','LUCHCODEDEV',_binary '\0'),(1361,12,NULL,'2025-10-08 00:36:45','Ingreso','192.168.1.102','LUCHCODEDEV',_binary ''),(1362,12,NULL,'2025-10-08 00:37:04','Cierre de sesión','192.168.1.102','LUCHCODEDEV',_binary '\0'),(1363,22,NULL,'2025-10-08 00:38:11','Ingreso','192.168.56.1','DESKTOP-6VKCMBO',_binary ''),(1364,22,NULL,'2025-10-08 00:40:36','Ingreso','192.168.56.1','DESKTOP-6VKCMBO',_binary ''),(1365,12,NULL,'2025-10-08 00:43:09','Ingreso','192.168.1.102','LUCHCODEDEV',_binary ''),(1366,12,NULL,'2025-10-08 00:43:20','Cierre de sesión','192.168.1.102','LUCHCODEDEV',_binary '\0'),(1367,35,NULL,'2025-10-08 00:43:27','Ingreso','192.168.1.102','LUCHCODEDEV',_binary ''),(1368,35,NULL,'2025-10-08 00:44:31','Cierre de sesión','192.168.1.102','LUCHCODEDEV',_binary '\0'),(1369,12,NULL,'2025-10-08 00:44:46','Ingreso','192.168.1.102','LUCHCODEDEV',_binary ''),(1370,12,301,'2025-10-08 00:45:02','Asignación Aplicación a Usuario - Agregar','192.168.1.102','LUCHCODEDEV',_binary ''),(1371,12,301,'2025-10-08 00:45:06','Asignación Aplicación a Usuario - Insertar','192.168.1.102','LUCHCODEDEV',_binary ''),(1372,12,NULL,'2025-10-08 00:45:31','Cierre de sesión','192.168.1.102','LUCHCODEDEV',_binary '\0'),(1373,35,NULL,'2025-10-08 00:45:37','Ingreso','192.168.1.102','LUCHCODEDEV',_binary ''),(1374,35,NULL,'2025-10-08 00:45:54','Cierre de sesión','192.168.1.102','LUCHCODEDEV',_binary '\0'),(1375,22,NULL,'2025-10-08 00:46:18','Ingreso','192.168.56.1','DESKTOP-6VKCMBO',_binary ''),(1376,22,NULL,'2025-10-08 00:48:24','Ingreso','192.168.56.1','DESKTOP-6VKCMBO',_binary ''),(1377,12,NULL,'2025-10-08 00:48:50','Ingreso','192.168.1.102','LUCHCODEDEV',_binary ''),(1378,22,NULL,'2025-10-08 00:50:15','Ingreso','192.168.56.1','DESKTOP-6VKCMBO',_binary ''),(1379,22,NULL,'2025-10-08 00:54:52','Ingreso','192.168.56.1','DESKTOP-6VKCMBO',_binary ''),(1380,35,NULL,'2025-10-08 00:57:30','Ingreso','192.168.1.102','LUCHCODEDEV',_binary ''),(1381,22,1,'2025-10-08 00:57:38','Asignación Perfil a Usuario - Guardar','192.168.56.1','DESKTOP-6VKCMBO',_binary ''),(1382,35,NULL,'2025-10-08 00:57:44','Cierre de sesión','192.168.1.102','LUCHCODEDEV',_binary '\0'),(1383,35,NULL,'2025-10-08 00:57:50','Ingreso','192.168.1.102','LUCHCODEDEV',_binary ''),(1384,35,NULL,'2025-10-08 00:57:57','Cierre de sesión','192.168.1.102','LUCHCODEDEV',_binary '\0'),(1385,35,NULL,'2025-10-08 01:03:02','Ingreso','192.168.1.102','LUCHCODEDEV',_binary ''),(1386,35,NULL,'2025-10-08 01:03:12','Cierre de sesión','192.168.1.102','LUCHCODEDEV',_binary '\0'),(1387,12,NULL,'2025-10-08 01:03:21','Ingreso','192.168.1.102','LUCHCODEDEV',_binary ''),(1388,12,306,'2025-10-08 01:03:44','Asignación Aplicación a Usuario - Agregar','192.168.1.102','LUCHCODEDEV',_binary ''),(1389,12,306,'2025-10-08 01:03:48','Asignación Aplicación a Usuario - Insertar','192.168.1.102','LUCHCODEDEV',_binary ''),(1390,12,NULL,'2025-10-08 01:03:54','Cierre de sesión','192.168.1.102','LUCHCODEDEV',_binary '\0'),(1391,12,NULL,'2025-10-08 01:04:06','Ingreso','192.168.1.102','LUCHCODEDEV',_binary ''),(1392,12,NULL,'2025-10-08 01:04:15','Cierre de sesión','192.168.1.102','LUCHCODEDEV',_binary '\0'),(1393,35,NULL,'2025-10-08 01:04:22','Ingreso','192.168.1.102','LUCHCODEDEV',_binary ''),(1394,35,NULL,'2025-10-08 01:04:57','Cierre de sesión','192.168.1.102','LUCHCODEDEV',_binary '\0'),(1395,12,NULL,'2025-10-08 01:17:11','Ingreso','192.168.1.102','LUCHCODEDEV',_binary ''),(1396,12,NULL,'2025-10-08 01:17:41','Cierre de sesión','192.168.1.102','LUCHCODEDEV',_binary '\0'),(1397,31,NULL,'2025-10-08 01:17:51','Ingreso','192.168.1.102','LUCHCODEDEV',_binary ''),(1398,31,NULL,'2025-10-08 01:18:34','Cierre de sesión','192.168.1.102','LUCHCODEDEV',_binary '\0'),(1399,35,NULL,'2025-10-08 01:18:41','Ingreso','192.168.1.102','LUCHCODEDEV',_binary ''),(1400,35,NULL,'2025-10-08 01:19:16','Cierre de sesión','192.168.1.102','LUCHCODEDEV',_binary '\0'),(1401,31,NULL,'2025-10-08 01:19:53','Ingreso','192.168.1.102','LUCHCODEDEV',_binary ''),(1402,31,NULL,'2025-10-08 01:20:06','Cierre de sesión','192.168.1.102','LUCHCODEDEV',_binary '\0'),(1403,12,NULL,'2025-10-08 01:20:14','Ingreso','192.168.1.102','LUCHCODEDEV',_binary ''),(1404,12,304,'2025-10-08 01:20:32','Asignación Aplicación a Usuario - Agregar','192.168.1.102','LUCHCODEDEV',_binary ''),(1405,12,304,'2025-10-08 01:20:37','Asignación Aplicación a Usuario - Insertar','192.168.1.102','LUCHCODEDEV',_binary ''),(1406,12,NULL,'2025-10-08 01:20:44','Cierre de sesión','192.168.1.102','LUCHCODEDEV',_binary '\0'),(1407,31,NULL,'2025-10-08 01:20:52','Ingreso','192.168.1.102','LUCHCODEDEV',_binary ''),(1408,31,NULL,'2025-10-08 01:21:10','Cierre de sesión','192.168.1.102','LUCHCODEDEV',_binary '\0'),(1409,35,NULL,'2025-10-08 01:23:27','Ingreso','192.168.1.102','LUCHCODEDEV',_binary ''),(1410,35,NULL,'2025-10-08 01:23:38','Cierre de sesión','192.168.1.102','LUCHCODEDEV',_binary '\0'),(1411,31,NULL,'2025-10-08 01:28:51','Ingreso','192.168.1.102','LUCHCODEDEV',_binary ''),(1412,31,NULL,'2025-10-08 01:29:03','Cierre de sesión','192.168.1.102','LUCHCODEDEV',_binary '\0'),(1413,31,NULL,'2025-10-08 01:32:06','Ingreso','192.168.1.102','LUCHCODEDEV',_binary ''),(1414,31,NULL,'2025-10-08 01:32:14','Cierre de sesión','192.168.1.102','LUCHCODEDEV',_binary '\0'),(1415,31,NULL,'2025-10-08 01:34:31','Ingreso','192.168.1.102','LUCHCODEDEV',_binary ''),(1416,31,NULL,'2025-10-08 01:34:37','Cierre de sesión','192.168.1.102','LUCHCODEDEV',_binary '\0'),(1417,31,NULL,'2025-10-08 02:01:50','Ingreso','192.168.1.102','LUCHCODEDEV',_binary ''),(1418,31,NULL,'2025-10-08 02:02:05','Cierre de sesión','192.168.1.102','LUCHCODEDEV',_binary '\0'),(1419,31,NULL,'2025-10-08 02:09:41','Ingreso','192.168.1.102','LUCHCODEDEV',_binary ''),(1420,31,NULL,'2025-10-08 02:10:05','Cierre de sesión','192.168.1.102','LUCHCODEDEV',_binary '\0'),(1421,31,NULL,'2025-10-08 02:14:48','Ingreso','192.168.1.102','LUCHCODEDEV',_binary ''),(1422,31,NULL,'2025-10-08 02:15:09','Cierre de sesión','192.168.1.102','LUCHCODEDEV',_binary '\0'),(1423,31,NULL,'2025-10-08 02:17:05','Ingreso','192.168.1.102','LUCHCODEDEV',_binary ''),(1424,31,NULL,'2025-10-08 02:17:16','Cierre de sesión','192.168.1.102','LUCHCODEDEV',_binary '\0'),(1425,31,NULL,'2025-10-08 02:20:29','Ingreso','192.168.1.102','LUCHCODEDEV',_binary ''),(1426,31,NULL,'2025-10-08 02:20:33','Cierre de sesión','192.168.1.102','LUCHCODEDEV',_binary '\0'),(1427,31,NULL,'2025-10-08 02:28:02','Ingreso','192.168.1.102','LUCHCODEDEV',_binary ''),(1428,31,NULL,'2025-10-08 02:28:10','Cierre de sesión','192.168.1.102','LUCHCODEDEV',_binary '\0'),(1429,31,NULL,'2025-10-08 02:44:42','Ingreso','192.168.1.102','LUCHCODEDEV',_binary ''),(1430,31,NULL,'2025-10-08 02:45:01','Cierre de sesión','192.168.1.102','LUCHCODEDEV',_binary '\0'),(1431,31,NULL,'2025-10-08 02:47:02','Ingreso','192.168.1.102','LUCHCODEDEV',_binary ''),(1432,31,NULL,'2025-10-08 03:01:33','Ingreso','192.168.1.102','LUCHCODEDEV',_binary ''),(1433,12,NULL,'2025-10-08 05:32:58','Ingreso','192.168.1.102','LUCHCODEDEV',_binary ''),(1434,12,1,'2025-10-08 05:48:28','Guardo nuevo usuario','192.168.1.102','LUCHCODEDEV',_binary ''),(1435,12,301,'2025-10-08 05:48:50','Asignación Aplicación a Usuario - Agregar','192.168.1.102','LUCHCODEDEV',_binary ''),(1436,12,302,'2025-10-08 05:48:58','Asignación Aplicación a Usuario - Agregar','192.168.1.102','LUCHCODEDEV',_binary ''),(1437,12,303,'2025-10-08 05:49:19','Asignación Aplicación a Usuario - Agregar','192.168.1.102','LUCHCODEDEV',_binary ''),(1438,12,304,'2025-10-08 05:49:32','Asignación Aplicación a Usuario - Agregar','192.168.1.102','LUCHCODEDEV',_binary ''),(1439,12,305,'2025-10-08 05:49:50','Asignación Aplicación a Usuario - Agregar','192.168.1.102','LUCHCODEDEV',_binary ''),(1440,12,301,'2025-10-08 05:49:55','Asignación Aplicación a Usuario - Insertar','192.168.1.102','LUCHCODEDEV',_binary ''),(1441,12,302,'2025-10-08 05:49:57','Asignación Aplicación a Usuario - Insertar','192.168.1.102','LUCHCODEDEV',_binary ''),(1442,12,303,'2025-10-08 05:49:59','Asignación Aplicación a Usuario - Insertar','192.168.1.102','LUCHCODEDEV',_binary ''),(1443,12,304,'2025-10-08 05:50:00','Asignación Aplicación a Usuario - Actualizar','192.168.1.102','LUCHCODEDEV',_binary ''),(1444,12,305,'2025-10-08 05:50:03','Asignación Aplicación a Usuario - Insertar','192.168.1.102','LUCHCODEDEV',_binary ''),(1445,12,NULL,'2025-10-08 05:50:11','Cierre de sesión','192.168.1.102','LUCHCODEDEV',_binary '\0'),(1446,36,NULL,'2025-10-08 05:50:22','Ingreso','192.168.1.102','LUCHCODEDEV',_binary ''),(1447,36,NULL,'2025-10-08 05:50:44','Cierre de sesión','192.168.1.102','LUCHCODEDEV',_binary '\0'),(1448,36,NULL,'2025-10-08 05:50:56','Ingreso','192.168.1.102','LUCHCODEDEV',_binary ''),(1449,36,NULL,'2025-10-08 05:51:06','Cierre de sesión','192.168.1.102','LUCHCODEDEV',_binary '\0'),(1450,12,NULL,'2025-10-08 05:51:16','Ingreso','192.168.1.102','LUCHCODEDEV',_binary ''),(1451,12,304,'2025-10-08 05:51:42','Asignación Aplicación a Usuario - Agregar','192.168.1.102','LUCHCODEDEV',_binary ''),(1452,12,306,'2025-10-08 05:51:53','Asignación Aplicación a Usuario - Agregar','192.168.1.102','LUCHCODEDEV',_binary ''),(1453,12,307,'2025-10-08 05:52:01','Asignación Aplicación a Usuario - Agregar','192.168.1.102','LUCHCODEDEV',_binary ''),(1454,12,308,'2025-10-08 05:52:09','Asignación Aplicación a Usuario - Agregar','192.168.1.102','LUCHCODEDEV',_binary ''),(1455,12,301,'2025-10-08 05:52:13','Asignación Aplicación a Usuario - Actualizar','192.168.1.102','LUCHCODEDEV',_binary ''),(1456,12,302,'2025-10-08 05:52:15','Asignación Aplicación a Usuario - Actualizar','192.168.1.102','LUCHCODEDEV',_binary ''),(1457,12,303,'2025-10-08 05:52:17','Asignación Aplicación a Usuario - Actualizar','192.168.1.102','LUCHCODEDEV',_binary ''),(1458,12,305,'2025-10-08 05:52:19','Asignación Aplicación a Usuario - Actualizar','192.168.1.102','LUCHCODEDEV',_binary ''),(1459,12,304,'2025-10-08 05:52:20','Asignación Aplicación a Usuario - Insertar','192.168.1.102','LUCHCODEDEV',_binary ''),(1460,12,306,'2025-10-08 05:52:22','Asignación Aplicación a Usuario - Insertar','192.168.1.102','LUCHCODEDEV',_binary ''),(1461,12,307,'2025-10-08 05:52:24','Asignación Aplicación a Usuario - Insertar','192.168.1.102','LUCHCODEDEV',_binary ''),(1462,12,308,'2025-10-08 05:52:26','Asignación Aplicación a Usuario - Insertar','192.168.1.102','LUCHCODEDEV',_binary ''),(1463,12,NULL,'2025-10-08 05:52:32','Cierre de sesión','192.168.1.102','LUCHCODEDEV',_binary '\0'),(1464,36,NULL,'2025-10-08 05:52:42','Ingreso','192.168.1.102','LUCHCODEDEV',_binary ''),(1465,36,NULL,'2025-10-08 05:54:01','Cierre de sesión','192.168.1.102','LUCHCODEDEV',_binary '\0'),(1466,12,NULL,'2025-10-08 05:54:14','Ingreso','192.168.1.102','LUCHCODEDEV',_binary ''),(1467,35,NULL,'2025-10-08 06:08:39','Ingreso','192.168.1.102','LUCHCODEDEV',_binary ''),(1468,35,NULL,'2025-10-08 06:08:54','Cierre de sesión','192.168.1.102','LUCHCODEDEV',_binary '\0'),(1469,36,NULL,'2025-10-08 06:09:05','Ingreso','192.168.1.102','LUCHCODEDEV',_binary ''),(1470,35,NULL,'2025-10-08 06:13:32','Ingreso','192.168.1.102','LUCHCODEDEV',_binary ''),(1471,35,NULL,'2025-10-08 06:13:39','Cierre de sesión','192.168.1.102','LUCHCODEDEV',_binary '\0'),(1472,35,NULL,'2025-10-08 06:14:24','Ingreso','192.168.1.102','LUCHCODEDEV',_binary ''),(1473,35,NULL,'2025-10-08 06:18:33','Ingreso','192.168.1.102','LUCHCODEDEV',_binary ''),(1474,35,NULL,'2025-10-08 06:18:50','Cierre de sesión','192.168.1.102','LUCHCODEDEV',_binary '\0'),(1475,35,NULL,'2025-10-08 06:19:02','Ingreso','192.168.1.102','LUCHCODEDEV',_binary ''),(1476,35,NULL,'2025-10-08 06:19:06','Cierre de sesión','192.168.1.102','LUCHCODEDEV',_binary '\0'),(1477,35,NULL,'2025-10-08 06:21:43','Ingreso','192.168.1.102','LUCHCODEDEV',_binary ''),(1478,35,NULL,'2025-10-08 06:21:50','Cierre de sesión','192.168.1.102','LUCHCODEDEV',_binary '\0'),(1479,35,NULL,'2025-10-08 06:22:06','Ingreso','192.168.1.102','LUCHCODEDEV',_binary ''),(1480,35,NULL,'2025-10-08 06:22:10','Cierre de sesión','192.168.1.102','LUCHCODEDEV',_binary '\0'),(1481,35,NULL,'2025-10-08 06:37:23','Ingreso','192.168.1.102','LUCHCODEDEV',_binary ''),(1482,35,NULL,'2025-10-08 06:37:27','Cierre de sesión','192.168.1.102','LUCHCODEDEV',_binary '\0'),(1483,36,NULL,'2025-10-08 06:55:12','Ingreso','192.168.137.1','COMPU_CESAR',_binary ''),(1484,35,NULL,'2025-10-08 06:57:24','Ingreso','192.168.1.102','LUCHCODEDEV',_binary ''),(1485,35,NULL,'2025-10-08 07:00:03','Ingreso','192.168.1.102','LUCHCODEDEV',_binary ''),(1486,35,NULL,'2025-10-08 07:00:07','Cierre de sesión','192.168.1.102','LUCHCODEDEV',_binary '\0'),(1487,35,NULL,'2025-10-08 07:00:20','Ingreso','192.168.1.102','LUCHCODEDEV',_binary ''),(1488,35,NULL,'2025-10-08 07:00:26','Cierre de sesión','192.168.1.102','LUCHCODEDEV',_binary '\0'),(1489,35,NULL,'2025-10-08 07:00:54','Ingreso','192.168.1.102','LUCHCODEDEV',_binary ''),(1490,35,NULL,'2025-10-08 07:01:21','Cierre de sesión','192.168.1.102','LUCHCODEDEV',_binary '\0'),(1491,35,NULL,'2025-10-08 07:04:40','Ingreso','192.168.1.102','LUCHCODEDEV',_binary ''),(1492,35,NULL,'2025-10-08 07:04:50','Cierre de sesión','192.168.1.102','LUCHCODEDEV',_binary '\0'),(1493,36,NULL,'2025-10-08 07:05:09','Ingreso','192.168.1.102','LUCHCODEDEV',_binary ''),(1494,36,NULL,'2025-10-08 07:05:27','Cambio de contraseña','192.168.1.102','LUCHCODEDEV',_binary ''),(1495,36,NULL,'2025-10-08 07:05:31','Cierre de sesión','192.168.1.102','LUCHCODEDEV',_binary '\0'),(1496,36,NULL,'2025-10-08 07:05:42','Ingreso','192.168.1.102','LUCHCODEDEV',_binary ''),(1497,36,NULL,'2025-10-08 07:05:48','Cierre de sesión','192.168.1.102','LUCHCODEDEV',_binary '\0'),(1498,2,NULL,'2025-10-08 07:10:46','Ingreso','192.168.137.1','COMPU_CESAR',_binary ''),(1499,12,NULL,'2025-10-08 07:12:42','Ingreso','192.168.137.1','COMPU_CESAR',_binary ''),(1500,12,301,'2025-10-08 07:13:31','Asignación Aplicación a Usuario - Agregar','192.168.137.1','COMPU_CESAR',_binary ''),(1501,12,301,'2025-10-08 07:13:59','Asignación Aplicación a Usuario - Insertar','192.168.137.1','COMPU_CESAR',_binary ''),(1502,12,302,'2025-10-08 07:14:18','Asignación Aplicación a Usuario - Agregar','192.168.137.1','COMPU_CESAR',_binary ''),(1503,12,302,'2025-10-08 07:14:31','Asignación Aplicación a Usuario - Insertar','192.168.137.1','COMPU_CESAR',_binary ''),(1504,12,303,'2025-10-08 07:14:51','Asignación Aplicación a Usuario - Agregar','192.168.137.1','COMPU_CESAR',_binary ''),(1505,12,303,'2025-10-08 07:15:12','Asignación Aplicación a Usuario - Insertar','192.168.137.1','COMPU_CESAR',_binary ''),(1506,12,304,'2025-10-08 07:15:30','Asignación Aplicación a Usuario - Agregar','192.168.137.1','COMPU_CESAR',_binary ''),(1507,12,304,'2025-10-08 07:15:47','Asignación Aplicación a Usuario - Insertar','192.168.137.1','COMPU_CESAR',_binary ''),(1508,12,305,'2025-10-08 07:16:03','Asignación Aplicación a Usuario - Agregar','192.168.137.1','COMPU_CESAR',_binary ''),(1509,12,305,'2025-10-08 07:16:23','Asignación Aplicación a Usuario - Insertar','192.168.137.1','COMPU_CESAR',_binary ''),(1510,12,306,'2025-10-08 07:16:42','Asignación Aplicación a Usuario - Agregar','192.168.137.1','COMPU_CESAR',_binary ''),(1511,12,306,'2025-10-08 07:17:01','Asignación Aplicación a Usuario - Insertar','192.168.137.1','COMPU_CESAR',_binary ''),(1512,12,307,'2025-10-08 07:17:23','Asignación Aplicación a Usuario - Agregar','192.168.137.1','COMPU_CESAR',_binary ''),(1513,12,307,'2025-10-08 07:17:37','Asignación Aplicación a Usuario - Insertar','192.168.137.1','COMPU_CESAR',_binary ''),(1514,12,308,'2025-10-08 07:17:53','Asignación Aplicación a Usuario - Agregar','192.168.137.1','COMPU_CESAR',_binary ''),(1515,12,308,'2025-10-08 07:18:11','Asignación Aplicación a Usuario - Insertar','192.168.137.1','COMPU_CESAR',_binary ''),(1516,23,NULL,'2025-10-08 07:19:10','Ingreso','192.168.137.1','COMPU_CESAR',_binary ''),(1517,23,305,'2025-10-08 07:20:05','Asignación Aplicación a Usuario - Agregar','192.168.137.1','COMPU_CESAR',_binary ''),(1518,23,10,'2025-10-08 07:20:26','Asignación Aplicación a Usuario - Actualizar','192.168.137.1','COMPU_CESAR',_binary ''),(1519,23,305,'2025-10-08 07:20:28','Asignación Aplicación a Usuario - Insertar','192.168.137.1','COMPU_CESAR',_binary ''),(1520,2,NULL,'2025-10-08 07:21:00','Ingreso','192.168.137.1','COMPU_CESAR',_binary ''),(1521,12,NULL,'2025-10-08 07:23:49','Ingreso','192.168.1.102','LUCHCODEDEV',_binary ''),(1522,12,1,'2025-10-08 07:24:46','Guardo nuevo usuario','192.168.1.102','LUCHCODEDEV',_binary ''),(1523,12,305,'2025-10-08 07:25:00','Asignación Aplicación a Usuario - Agregar','192.168.1.102','LUCHCODEDEV',_binary ''),(1524,12,305,'2025-10-08 07:25:05','Asignación Aplicación a Usuario - Insertar','192.168.1.102','LUCHCODEDEV',_binary ''),(1525,12,NULL,'2025-10-08 07:25:18','Cierre de sesión','192.168.1.102','LUCHCODEDEV',_binary '\0'),(1526,37,NULL,'2025-10-08 07:25:25','Ingreso','192.168.1.102','LUCHCODEDEV',_binary ''),(1527,37,NULL,'2025-10-08 07:29:56','Ingreso','192.168.1.102','LUCHCODEDEV',_binary ''),(1528,37,NULL,'2025-10-08 07:31:18','Ingreso','192.168.1.102','LUCHCODEDEV',_binary ''),(1529,37,NULL,'2025-10-08 07:36:03','Ingreso','192.168.1.102','LUCHCODEDEV',_binary ''),(1530,2,NULL,'2025-10-08 07:49:51','Ingreso','192.168.137.1','COMPU_CESAR',_binary ''),(1531,2,NULL,'2025-10-08 07:50:24','Cierre de sesión','192.168.137.1','COMPU_CESAR',_binary '\0'),(1532,2,NULL,'2025-10-08 07:57:10','Ingreso','192.168.137.1','COMPU_CESAR',_binary ''),(1533,23,NULL,'2025-10-08 07:59:23','Ingreso','192.168.137.1','COMPU_CESAR',_binary ''),(1534,23,10,'2025-10-08 08:00:38','Asignación Aplicación a Usuario - Actualizar','192.168.137.1','COMPU_CESAR',_binary ''),(1535,23,305,'2025-10-08 08:00:41','Asignación Aplicación a Usuario - Actualizar','192.168.137.1','COMPU_CESAR',_binary ''),(1536,23,NULL,'2025-10-08 08:00:53','Cierre de sesión','192.168.137.1','COMPU_CESAR',_binary '\0'),(1537,2,NULL,'2025-10-08 08:01:06','Ingreso','192.168.137.1','COMPU_CESAR',_binary ''),(1538,2,NULL,'2025-10-08 08:06:47','Cierre de sesión','192.168.137.1','COMPU_CESAR',_binary '\0'),(1539,23,NULL,'2025-10-08 12:21:30','Ingreso','192.168.56.1','VENNUS',_binary ''),(1540,23,NULL,'2025-10-08 12:24:54','Ingreso','192.168.1.12','FER',_binary ''),(1541,23,9,'2025-10-08 12:27:48','Asignación Aplicación a Usuario - Agregar','192.168.56.1','VENNUS',_binary ''),(1542,4,NULL,'2025-10-08 12:40:40','Ingreso','192.168.56.1','DESKTOP-01DDSQ2',_binary ''),(1543,23,NULL,'2025-10-08 12:41:27','Ingreso','192.168.1.12','FER',_binary ''),(1544,4,301,'2025-10-08 12:41:42','Asignación Aplicación a Usuario - Agregar','192.168.56.1','DESKTOP-01DDSQ2',_binary ''),(1545,4,301,'2025-10-08 12:41:52','Asignación Aplicación a Usuario - Insertar','192.168.56.1','DESKTOP-01DDSQ2',_binary ''),(1546,23,9,'2025-10-08 12:41:58','Asignación Aplicación a Usuario - Quitar','192.168.56.1','VENNUS',_binary ''),(1547,23,3,'2025-10-08 12:43:16','Asignación Aplicación a Usuario - Agregar','192.168.56.1','VENNUS',_binary ''),(1548,23,10,'2025-10-08 12:43:30','Asignación Aplicación a Usuario - Agregar','192.168.56.1','VENNUS',_binary ''),(1549,23,NULL,'2025-10-08 12:44:14','Ingreso','192.168.1.12','FER',_binary ''),(1550,23,NULL,'2025-10-08 12:46:03','Ingreso','192.168.1.12','FER',_binary ''),(1551,4,1,'2025-10-08 12:46:37','Guardar aplicación','192.168.56.1','DESKTOP-01DDSQ2',_binary ''),(1552,23,3,'2025-10-08 12:46:48','Asignación Aplicación a Usuario - Insertar','192.168.56.1','VENNUS',_binary ''),(1553,23,10,'2025-10-08 12:46:51','Asignación Aplicación a Usuario - Insertar','192.168.56.1','VENNUS',_binary ''),(1554,4,NULL,'2025-10-08 12:47:40','Ingreso','192.168.56.1','DESKTOP-01DDSQ2',_binary ''),(1555,23,1,'2025-10-08 12:47:45','Asignación Perfil a Usuario - Agregar','192.168.56.1','VENNUS',_binary ''),(1556,23,1,'2025-10-08 12:47:51','Asignación Perfil a Usuario - Guardar','192.168.56.1','VENNUS',_binary ''),(1557,4,303,'2025-10-08 12:49:50','Asignación Aplicación a Usuario - Agregar','192.168.56.1','DESKTOP-01DDSQ2',_binary ''),(1558,4,303,'2025-10-08 12:50:20','Asignación Aplicación a Usuario - Actualizar','192.168.56.1','DESKTOP-01DDSQ2',_binary ''),(1559,4,1,'2025-10-08 12:54:03','Modificar aplicación','192.168.56.1','DESKTOP-01DDSQ2',_binary ''),(1560,23,1,'2025-10-08 12:54:20','Guardar aplicación','192.168.56.1','VENNUS',_binary ''),(1561,23,1,'2025-10-08 12:54:37','Modificar aplicación','192.168.56.1','VENNUS',_binary ''),(1562,4,22,'2025-10-08 12:54:46','Asignación Aplicación a Usuario - Agregar','192.168.56.1','DESKTOP-01DDSQ2',_binary ''),(1563,4,301,'2025-10-08 12:54:57','Asignación Aplicación a Usuario - Actualizar','192.168.56.1','DESKTOP-01DDSQ2',_binary ''),(1564,4,302,'2025-10-08 12:55:01','Asignación Aplicación a Usuario - Actualizar','192.168.56.1','DESKTOP-01DDSQ2',_binary ''),(1565,4,303,'2025-10-08 12:55:04','Asignación Aplicación a Usuario - Actualizar','192.168.56.1','DESKTOP-01DDSQ2',_binary ''),(1566,4,304,'2025-10-08 12:55:08','Asignación Aplicación a Usuario - Actualizar','192.168.56.1','DESKTOP-01DDSQ2',_binary ''),(1567,4,305,'2025-10-08 12:55:11','Asignación Aplicación a Usuario - Actualizar','192.168.56.1','DESKTOP-01DDSQ2',_binary ''),(1568,4,306,'2025-10-08 12:55:17','Asignación Aplicación a Usuario - Actualizar','192.168.56.1','DESKTOP-01DDSQ2',_binary ''),(1569,4,307,'2025-10-08 12:55:21','Asignación Aplicación a Usuario - Actualizar','192.168.56.1','DESKTOP-01DDSQ2',_binary ''),(1570,4,308,'2025-10-08 12:55:24','Asignación Aplicación a Usuario - Actualizar','192.168.56.1','DESKTOP-01DDSQ2',_binary ''),(1571,4,22,'2025-10-08 12:55:27','Asignación Aplicación a Usuario - Insertar','192.168.56.1','DESKTOP-01DDSQ2',_binary ''),(1572,23,NULL,'2025-10-08 12:56:05','Ingreso','192.168.1.12','FER',_binary ''),(1573,23,NULL,'2025-10-08 13:01:23','Ingreso','192.168.1.12','FER',_binary ''),(1574,4,NULL,'2025-10-08 13:03:59','Cierre de sesión','192.168.56.1','DESKTOP-01DDSQ2',_binary '\0'),(1575,4,NULL,'2025-10-08 13:04:42','Ingreso','192.168.56.1','DESKTOP-01DDSQ2',_binary ''),(1576,23,NULL,'2025-10-08 13:05:00','Ingreso','192.168.1.12','FER',_binary ''),(1577,4,NULL,'2025-10-08 13:05:11','Cierre de sesión','192.168.56.1','DESKTOP-01DDSQ2',_binary '\0'),(1578,23,NULL,'2025-10-08 13:05:24','Ingreso','192.168.56.1','DESKTOP-01DDSQ2',_binary ''),(1579,23,1,'2025-10-08 13:05:39','Modificar aplicación','192.168.56.1','VENNUS',_binary ''),(1580,4,NULL,'2025-10-08 13:08:01','Ingreso','192.168.56.1','DESKTOP-01DDSQ2',_binary ''),(1581,4,NULL,'2025-10-08 13:09:26','Ingreso','192.168.56.1','DESKTOP-01DDSQ2',_binary ''),(1582,4,NULL,'2025-10-08 13:13:10','Ingreso','192.168.56.1','DESKTOP-01DDSQ2',_binary ''),(1583,23,NULL,'2025-10-08 13:16:32','Ingreso','192.168.1.12','FER',_binary ''),(1584,23,NULL,'2025-10-08 13:19:29','Ingreso','192.168.56.1','VENNUS',_binary ''),(1585,23,1,'2025-10-08 13:19:36','Guardar aplicación','192.168.1.12','FER',_binary ''),(1586,29,NULL,'2025-10-08 13:27:41','Ingreso','192.168.1.12','FER',_binary ''),(1587,29,NULL,'2025-10-08 13:29:30','Ingreso','192.168.1.12','FER',_binary ''),(1588,29,NULL,'2025-10-08 13:31:10','Recuperar contraseña','192.168.1.12','FER',_binary ''),(1589,29,NULL,'2025-10-08 13:31:29','Ingreso','192.168.1.12','FER',_binary ''),(1590,29,NULL,'2025-10-08 13:32:04','Cambio de contraseña','192.168.1.12','FER',_binary ''),(1591,29,NULL,'2025-10-08 13:32:34','Ingreso','192.168.1.12','FER',_binary ''),(1592,23,NULL,'2025-10-08 13:35:14','Ingreso','192.168.1.12','FER',_binary ''),(1593,12,NULL,'2025-10-08 13:51:53','Ingreso','192.168.56.1','VENNUS',_binary ''),(1594,12,NULL,'2025-10-08 13:52:07','Ingreso','192.168.1.12','FER',_binary ''),(1595,23,NULL,'2025-10-08 13:55:33','Ingreso','192.168.1.12','FER',_binary ''),(1596,12,NULL,'2025-10-08 13:59:28','Ingreso','192.168.56.1','VENNUS',_binary ''),(1597,22,NULL,'2025-10-08 15:34:05','Ingreso','192.168.56.1','DESKTOP-6VKCMBO',_binary ''),(1598,2,NULL,'2025-10-08 15:34:51','Ingreso','192.168.56.1','DESKTOP-6VKCMBO',_binary ''),(1599,4,NULL,'2025-10-08 15:40:25','Ingreso','192.168.56.1','DESKTOP-6VKCMBO',_binary ''),(1600,2,NULL,'2025-10-08 15:42:34','Ingreso','192.168.56.1','DESKTOP-6VKCMBO',_binary ''),(1601,22,NULL,'2025-10-08 15:43:25','Ingreso','192.168.56.1','DESKTOP-6VKCMBO',_binary ''),(1602,22,NULL,'2025-10-08 15:44:56','Ingreso','192.168.56.1','DESKTOP-6VKCMBO',_binary ''),(1603,22,NULL,'2025-10-08 16:44:46','Ingreso','192.168.56.1','DESKTOP-6VKCMBO',_binary ''),(1604,2,NULL,'2025-10-08 16:45:31','Ingreso','192.168.56.1','DESKTOP-6VKCMBO',_binary ''),(1605,4,NULL,'2025-10-08 16:46:27','Ingreso','192.168.56.1','DESKTOP-6VKCMBO',_binary ''),(1606,4,NULL,'2025-10-08 16:47:20','Cierre de sesión','192.168.56.1','DESKTOP-6VKCMBO',_binary '\0'),(1607,12,NULL,'2025-10-08 16:47:35','Ingreso','192.168.56.1','DESKTOP-6VKCMBO',_binary ''),(1608,12,NULL,'2025-10-08 16:49:10','Ingreso','192.168.56.1','DESKTOP-6VKCMBO',_binary ''),(1609,12,1,'2025-10-08 16:49:45','Asignación Aplicación a Usuario - Agregar','192.168.56.1','DESKTOP-6VKCMBO',_binary ''),(1610,12,1,'2025-10-08 16:49:48','Asignación Aplicación a Usuario - Quitar','192.168.56.1','DESKTOP-6VKCMBO',_binary ''),(1611,12,10,'2025-10-08 16:49:55','Asignación Aplicación a Usuario - Agregar','192.168.56.1','DESKTOP-6VKCMBO',_binary ''),(1612,12,NULL,'2025-10-08 16:52:43','Ingreso','192.168.56.1','DESKTOP-6VKCMBO',_binary ''),(1613,12,1,'2025-10-08 16:53:00','Asignación Perfil a Usuario - Guardar','192.168.56.1','DESKTOP-6VKCMBO',_binary ''),(1614,12,1,'2025-10-08 16:53:26','Asignación Aplicación a Usuario - Agregar','192.168.56.1','DESKTOP-6VKCMBO',_binary ''),(1615,12,1,'2025-10-08 16:53:33','Asignación Aplicación a Usuario - Quitar','192.168.56.1','DESKTOP-6VKCMBO',_binary ''),(1616,12,1,'2025-10-08 16:53:43','Asignación Aplicación a Usuario - Agregar','192.168.56.1','DESKTOP-6VKCMBO',_binary ''),(1617,12,1,'2025-10-08 16:53:59','Asignación Aplicación a Usuario - Quitar','192.168.56.1','DESKTOP-6VKCMBO',_binary ''),(1618,12,NULL,'2025-10-08 16:56:01','Ingreso','192.168.56.1','DESKTOP-6VKCMBO',_binary ''),(1619,12,1,'2025-10-08 16:56:20','Asignación Aplicación a Usuario - Agregar','192.168.56.1','DESKTOP-6VKCMBO',_binary ''),(1620,12,1,'2025-10-08 16:56:26','Asignación Aplicación a Usuario - Actualizar','192.168.56.1','DESKTOP-6VKCMBO',_binary ''),(1621,12,10,'2025-10-08 16:58:12','Asignación Aplicación a Usuario - Agregar','192.168.56.1','DESKTOP-6VKCMBO',_binary ''),(1622,12,10,'2025-10-08 16:58:19','Asignación Aplicación a Usuario - Insertar','192.168.56.1','DESKTOP-6VKCMBO',_binary ''),(1623,12,NULL,'2025-10-08 17:25:16','Ingreso','192.168.56.1','DESKTOP-6VKCMBO',_binary ''),(1624,12,10,'2025-10-08 17:25:39','Asignación Aplicación a Usuario - Agregar','192.168.56.1','DESKTOP-6VKCMBO',_binary ''),(1625,12,1,'2025-10-08 17:25:46','Asignación Aplicación a Usuario - Agregar','192.168.56.1','DESKTOP-6VKCMBO',_binary ''),(1626,2,NULL,'2025-10-08 17:28:53','Ingreso','192.168.137.1','COMPU_CESAR',_binary ''),(1627,12,NULL,'2025-10-08 17:29:47','Ingreso','192.168.56.1','DESKTOP-6VKCMBO',_binary ''),(1628,12,10,'2025-10-08 17:30:55','Asignación Aplicación a Usuario - Agregar','192.168.56.1','DESKTOP-6VKCMBO',_binary ''),(1629,12,NULL,'2025-10-08 17:32:01','Ingreso','192.168.56.1','DESKTOP-6VKCMBO',_binary ''),(1630,12,1,'2025-10-08 17:32:19','Asignación Aplicación a Usuario - Agregar','192.168.56.1','DESKTOP-6VKCMBO',_binary ''),(1631,12,NULL,'2025-10-08 17:39:57','Ingreso','192.168.56.1','DESKTOP-6VKCMBO',_binary ''),(1632,12,3,'2025-10-08 17:40:23','Asignación Aplicación a Usuario - Agregar','192.168.56.1','DESKTOP-6VKCMBO',_binary ''),(1633,12,3,'2025-10-08 17:40:27','Asignación Aplicación a Usuario - Insertar','192.168.56.1','DESKTOP-6VKCMBO',_binary ''),(1634,12,301,'2025-10-08 17:40:53','Asignación Aplicación a Usuario - Actualizar','192.168.56.1','DESKTOP-6VKCMBO',_binary ''),(1635,12,304,'2025-10-08 17:40:56','Asignación Aplicación a Usuario - Actualizar','192.168.56.1','DESKTOP-6VKCMBO',_binary ''),(1636,2,NULL,'2025-10-08 17:41:07','Ingreso','192.168.137.1','COMPU_CESAR',_binary ''),(1637,2,NULL,'2025-10-08 17:44:28','Ingreso','192.168.137.1','COMPU_CESAR',_binary ''),(1638,2,NULL,'2025-10-08 17:45:45','Ingreso','192.168.137.1','COMPU_CESAR',_binary ''),(1639,2,NULL,'2025-10-08 17:46:54','Ingreso','192.168.137.1','COMPU_CESAR',_binary ''),(1640,2,NULL,'2025-10-08 17:47:51','Ingreso','192.168.137.1','COMPU_CESAR',_binary ''),(1641,2,NULL,'2025-10-08 17:49:40','Ingreso','192.168.137.1','COMPU_CESAR',_binary ''),(1642,2,NULL,'2025-10-08 17:54:20','Ingreso','192.168.137.1','COMPU_CESAR',_binary ''),(1643,2,NULL,'2025-10-08 18:08:56','Ingreso','192.168.137.1','COMPU_CESAR',_binary ''),(1644,2,1,'2025-10-08 18:09:43','Eliminar aplicación','192.168.137.1','COMPU_CESAR',_binary ''),(1645,2,NULL,'2025-10-08 18:42:13','Ingreso','192.168.137.1','COMPU_CESAR',_binary ''),(1646,2,NULL,'2025-10-08 18:47:43','Ingreso','192.168.137.1','COMPU_CESAR',_binary ''),(1647,12,NULL,'2025-10-08 18:47:58','Ingreso','192.168.1.11','DAVID',_binary ''),(1648,2,NULL,'2025-10-08 18:48:58','Ingreso','192.168.137.1','COMPU_CESAR',_binary ''),(1649,2,NULL,'2025-10-08 18:51:01','Ingreso','192.168.137.1','COMPU_CESAR',_binary ''),(1650,2,NULL,'2025-10-08 18:51:46','Ingreso','192.168.137.1','COMPU_CESAR',_binary ''),(1651,2,NULL,'2025-10-08 18:55:10','Ingreso','192.168.137.1','COMPU_CESAR',_binary ''),(1652,16,NULL,'2025-10-08 18:59:37','Ingreso','192.168.1.11','DAVID',_binary ''),(1653,4,NULL,'2025-10-08 19:00:07','Ingreso','192.168.1.11','DAVID',_binary ''),(1654,23,NULL,'2025-10-08 19:02:27','Ingreso','192.168.137.1','COMPU_CESAR',_binary ''),(1655,23,22,'2025-10-08 19:03:56','Asignación Aplicación a Usuario - Actualizar','192.168.137.1','COMPU_CESAR',_binary ''),(1656,23,301,'2025-10-08 19:03:59','Asignación Aplicación a Usuario - Actualizar','192.168.137.1','COMPU_CESAR',_binary ''),(1657,23,302,'2025-10-08 19:04:03','Asignación Aplicación a Usuario - Actualizar','192.168.137.1','COMPU_CESAR',_binary ''),(1658,23,303,'2025-10-08 19:04:09','Asignación Aplicación a Usuario - Actualizar','192.168.137.1','COMPU_CESAR',_binary ''),(1659,23,304,'2025-10-08 19:04:14','Asignación Aplicación a Usuario - Actualizar','192.168.137.1','COMPU_CESAR',_binary ''),(1660,23,305,'2025-10-08 19:04:21','Asignación Aplicación a Usuario - Actualizar','192.168.137.1','COMPU_CESAR',_binary ''),(1661,23,306,'2025-10-08 19:04:26','Asignación Aplicación a Usuario - Actualizar','192.168.137.1','COMPU_CESAR',_binary ''),(1662,4,NULL,'2025-10-08 19:04:31','Ingreso','192.168.56.1','DESKTOP-01DDSQ2',_binary ''),(1663,23,307,'2025-10-08 19:04:30','Asignación Aplicación a Usuario - Actualizar','192.168.137.1','COMPU_CESAR',_binary ''),(1664,23,308,'2025-10-08 19:04:34','Asignación Aplicación a Usuario - Actualizar','192.168.137.1','COMPU_CESAR',_binary ''),(1665,4,NULL,'2025-10-08 19:05:00','Cierre de sesión','192.168.56.1','DESKTOP-01DDSQ2',_binary '\0'),(1666,23,NULL,'2025-10-08 19:05:19','Ingreso','192.168.56.1','DESKTOP-01DDSQ2',_binary ''),(1667,23,NULL,'2025-10-08 19:08:47','Ingreso','192.168.1.102','LUCHCODEDEV',_binary ''),(1668,23,NULL,'2025-10-08 19:20:45','Ingreso','192.168.137.1','COMPU_CESAR',_binary ''),(1669,23,NULL,'2025-10-08 19:21:39','Ingreso','192.168.137.1','COMPU_CESAR',_binary ''),(1670,4,NULL,'2025-10-08 19:24:03','Ingreso','192.168.56.1','DESKTOP-01DDSQ2',_binary ''),(1671,4,NULL,'2025-10-08 19:24:35','Modificar empleado','192.168.56.1','DESKTOP-01DDSQ2',_binary ''),(1672,4,NULL,'2025-10-08 19:25:27','Guardar empleado','192.168.56.1','DESKTOP-01DDSQ2',_binary ''),(1673,4,NULL,'2025-10-08 19:32:47','Ingreso','192.168.56.1','DESKTOP-01DDSQ2',_binary ''),(1674,4,NULL,'2025-10-08 19:41:03','Ingreso','192.168.1.11','DAVID',_binary ''),(1675,4,NULL,'2025-10-08 19:41:21','Modificar empleado','192.168.1.11','DAVID',_binary ''),(1676,4,NULL,'2025-10-08 19:43:02','Guardar empleado','192.168.1.11','DAVID',_binary ''),(1677,4,NULL,'2025-10-08 19:43:16','Eliminar empleado','192.168.1.11','DAVID',_binary ''),(1678,4,NULL,'2025-10-08 19:47:16','Ingreso','192.168.1.11','DAVID',_binary ''),(1679,4,NULL,'2025-10-08 19:48:41','Ingreso','192.168.1.11','DAVID',_binary ''),(1680,4,NULL,'2025-10-08 19:49:02','Modificar empleado','192.168.1.11','DAVID',_binary ''),(1681,4,NULL,'2025-10-08 19:53:23','Ingreso','192.168.1.11','DAVID',_binary ''),(1682,4,NULL,'2025-10-08 19:55:23','Ingreso','192.168.1.11','DAVID',_binary ''),(1683,2,NULL,'2025-10-08 20:01:02','Ingreso','192.168.137.1','COMPU_CESAR',_binary ''),(1684,2,NULL,'2025-10-08 20:07:12','Ingreso','192.168.137.1','COMPU_CESAR',_binary ''),(1685,2,1,'2025-10-08 20:07:39','Intento fallido: App con relaciones','192.168.137.1','COMPU_CESAR',_binary '\0'),(1686,23,NULL,'2025-10-08 20:08:23','Ingreso','192.168.137.1','COMPU_CESAR',_binary ''),(1687,4,NULL,'2025-10-08 20:31:27','Ingreso','192.168.1.11','DAVID',_binary ''),(1688,4,NULL,'2025-10-08 20:32:05','Modificar empleado','192.168.1.11','DAVID',_binary ''),(1689,16,NULL,'2025-10-08 20:35:00','Ingreso','192.168.1.11','DAVID',_binary ''),(1690,4,NULL,'2025-10-08 20:36:04','Ingreso','192.168.1.11','DAVID',_binary ''),(1691,4,NULL,'2025-10-08 20:39:19','Ingreso','192.168.56.1','DESKTOP-01DDSQ2',_binary ''),(1692,12,NULL,'2025-10-08 20:40:01','Ingreso','192.168.56.1','DESKTOP-01DDSQ2',_binary ''),(1693,12,1,'2025-10-08 20:41:19','Guardar perfil','192.168.56.1','DESKTOP-01DDSQ2',_binary ''),(1694,12,1,'2025-10-08 20:41:33','Modificar perfil','192.168.56.1','DESKTOP-01DDSQ2',_binary ''),(1695,12,1,'2025-10-08 20:41:42','Eliminar perfil','192.168.56.1','DESKTOP-01DDSQ2',_binary ''),(1696,12,304,'2025-10-08 20:43:20','Asignación Aplicación a Usuario - Agregar','192.168.56.1','DESKTOP-01DDSQ2',_binary ''),(1697,12,304,'2025-10-08 20:44:09','Asignación Aplicación a Usuario - Insertar','192.168.56.1','DESKTOP-01DDSQ2',_binary ''),(1698,12,NULL,'2025-10-08 20:47:05','Ingreso','192.168.56.1','DESKTOP-01DDSQ2',_binary ''),(1699,12,NULL,'2025-10-08 20:49:45','Ingreso','192.168.56.1','DESKTOP-01DDSQ2',_binary ''),(1700,12,1,'2025-10-08 20:50:11','Guardar perfil','192.168.56.1','DESKTOP-01DDSQ2',_binary ''),(1701,12,1,'2025-10-08 20:50:44','Modificar perfil','192.168.56.1','DESKTOP-01DDSQ2',_binary ''),(1702,12,1,'2025-10-08 20:50:58','Eliminar perfil','192.168.56.1','DESKTOP-01DDSQ2',_binary ''),(1703,23,NULL,'2025-10-08 20:51:40','Ingreso','192.168.137.1','COMPU_CESAR',_binary ''),(1704,12,1,'2025-10-08 20:53:02','Guardar módulo','192.168.56.1','DESKTOP-01DDSQ2',_binary ''),(1705,23,NULL,'2025-10-08 20:53:37','Ingreso','192.168.1.102','LUCHCODEDEV',_binary ''),(1706,12,1,'2025-10-08 20:53:38','Fallido Eliminacion: App con relaciones','192.168.56.1','DESKTOP-01DDSQ2',_binary '\0'),(1707,12,1,'2025-10-08 20:53:46','Modificar aplicación','192.168.56.1','DESKTOP-01DDSQ2',_binary ''),(1708,12,301,'2025-10-08 20:54:32','Asignación Aplicación a Usuario - Agregar','192.168.56.1','DESKTOP-01DDSQ2',_binary ''),(1709,12,301,'2025-10-08 20:54:36','Asignación Aplicación a Usuario - Quitar','192.168.56.1','DESKTOP-01DDSQ2',_binary ''),(1710,12,303,'2025-10-08 20:54:59','Asignación Aplicación a Usuario - Agregar','192.168.56.1','DESKTOP-01DDSQ2',_binary ''),(1711,12,306,'2025-10-08 20:55:11','Asignación Aplicación a Usuario - Agregar','192.168.56.1','DESKTOP-01DDSQ2',_binary ''),(1712,12,304,'2025-10-08 20:55:31','Asignación Aplicación a Usuario - Agregar','192.168.56.1','DESKTOP-01DDSQ2',_binary ''),(1713,12,305,'2025-10-08 20:55:43','Asignación Aplicación a Usuario - Agregar','192.168.56.1','DESKTOP-01DDSQ2',_binary ''),(1714,12,307,'2025-10-08 20:55:59','Asignación Aplicación a Usuario - Agregar','192.168.56.1','DESKTOP-01DDSQ2',_binary ''),(1715,12,308,'2025-10-08 20:56:11','Asignación Aplicación a Usuario - Agregar','192.168.56.1','DESKTOP-01DDSQ2',_binary ''),(1716,12,5,'2025-10-08 20:56:41','Asignación Aplicación a Usuario - Actualizar','192.168.56.1','DESKTOP-01DDSQ2',_binary ''),(1717,12,301,'2025-10-08 20:56:44','Asignación Aplicación a Usuario - Actualizar','192.168.56.1','DESKTOP-01DDSQ2',_binary ''),(1718,12,303,'2025-10-08 20:56:46','Asignación Aplicación a Usuario - Insertar','192.168.56.1','DESKTOP-01DDSQ2',_binary ''),(1719,12,306,'2025-10-08 20:56:53','Asignación Aplicación a Usuario - Insertar','192.168.56.1','DESKTOP-01DDSQ2',_binary ''),(1720,12,304,'2025-10-08 20:56:57','Asignación Aplicación a Usuario - Insertar','192.168.56.1','DESKTOP-01DDSQ2',_binary ''),(1721,12,305,'2025-10-08 20:57:01','Asignación Aplicación a Usuario - Insertar','192.168.56.1','DESKTOP-01DDSQ2',_binary ''),(1722,12,307,'2025-10-08 20:57:05','Asignación Aplicación a Usuario - Insertar','192.168.56.1','DESKTOP-01DDSQ2',_binary ''),(1723,12,308,'2025-10-08 20:57:08','Asignación Aplicación a Usuario - Insertar','192.168.56.1','DESKTOP-01DDSQ2',_binary ''),(1724,4,NULL,'2025-10-08 21:03:22','Ingreso','192.168.56.1','DESKTOP-01DDSQ2',_binary ''),(1725,4,10,'2025-10-08 21:05:01','Asignación Permisos Perfil - Agregar','192.168.56.1','DESKTOP-01DDSQ2',_binary ''),(1726,4,10,'2025-10-08 21:05:09','Asignación Perfil a Usuario - Quitar','192.168.56.1','DESKTOP-01DDSQ2',_binary ''),(1727,4,302,'2025-10-08 21:07:00','Asignación Aplicación a Usuario - Agregar','192.168.56.1','DESKTOP-01DDSQ2',_binary ''),(1728,4,302,'2025-10-08 21:07:12','Asignación Aplicación a Usuario - Insertar','192.168.56.1','DESKTOP-01DDSQ2',_binary ''),(1729,23,NULL,'2025-10-08 21:08:09','Ingreso','192.168.1.102','LUCHCODEDEV',_binary ''),(1730,4,NULL,'2025-10-08 21:09:20','Ingreso','192.168.56.1','DESKTOP-01DDSQ2',_binary ''),(1731,4,1,'2025-10-08 21:09:41','Asignación Permisos Perfil - Agregar','192.168.56.1','DESKTOP-01DDSQ2',_binary ''),(1732,4,1,'2025-10-08 21:09:54','Asignación aplicación a perfil - Insertar','192.168.56.1','DESKTOP-01DDSQ2',_binary ''),(1733,4,NULL,'2025-10-08 21:09:59','Permisos Perfil - Consulta','192.168.56.1','DESKTOP-01DDSQ2',_binary ''),(1734,23,NULL,'2025-10-08 21:19:06','Ingreso','192.168.1.102','LUCHCODEDEV',_binary ''),(1735,4,NULL,'2025-10-08 21:43:33','Ingreso','192.168.1.11','DAVID',_binary ''),(1736,23,NULL,'2025-10-08 21:52:00','Ingreso','192.168.137.1','COMPU_CESAR',_binary ''),(1737,4,NULL,'2025-10-08 21:58:48','Ingreso','192.168.56.1','DESKTOP-01DDSQ2',_binary ''),(1738,23,NULL,'2025-10-08 22:30:36','Ingreso','192.168.137.1','COMPU_CESAR',_binary ''),(1739,23,NULL,'2025-10-08 22:35:32','Ingreso','192.168.137.1','COMPU_CESAR',_binary ''),(1740,15,NULL,'2025-10-09 07:27:12','Ingreso','192.168.149.105','DESKTOP-TNKC8GG',_binary ''),(1741,23,NULL,'2025-10-09 07:27:47','Ingreso','192.168.137.1','COMPU_CESAR',_binary ''),(1742,12,NULL,'2025-10-09 07:29:13','Ingreso','192.168.56.1','DESKTOP-6VKCMBO',_binary ''),(1743,12,1,'2025-10-09 07:29:43','Asignación Aplicación a Usuario - Agregar','192.168.56.1','DESKTOP-6VKCMBO',_binary ''),(1744,12,1,'2025-10-09 07:30:19','Asignación Permisos Perfil - Agregar','192.168.56.1','DESKTOP-6VKCMBO',_binary ''),(1745,4,NULL,'2025-10-09 07:33:32','Ingreso','192.168.56.1','DESKTOP-01DDSQ2',_binary ''),(1746,12,NULL,'2025-10-09 07:42:54','Ingreso','192.168.56.1','DESKTOP-6VKCMBO',_binary ''),(1747,23,NULL,'2025-10-09 10:00:51','Ingreso','192.168.149.105','DESKTOP-TNKC8GG',_binary ''),(1748,12,NULL,'2025-10-09 10:24:24','Ingreso','192.168.56.1','DESKTOP-6VKCMBO',_binary ''),(1749,12,NULL,'2025-10-09 11:03:18','Ingreso','192.168.56.1','DESKTOP-6VKCMBO',_binary ''),(1750,12,NULL,'2025-10-09 11:07:57','Ingreso','192.168.56.1','DESKTOP-6VKCMBO',_binary ''),(1751,12,NULL,'2025-10-09 11:18:04','Ingreso','192.168.56.1','DESKTOP-6VKCMBO',_binary ''),(1752,12,NULL,'2025-10-09 11:19:31','Ingreso','192.168.56.1','DESKTOP-6VKCMBO',_binary ''),(1753,12,NULL,'2025-10-09 11:33:21','Ingreso','192.168.56.1','DESKTOP-6VKCMBO',_binary ''),(1754,12,301,'2025-10-09 11:34:34','Asignación Aplicación a Usuario - Actualizar','192.168.56.1','DESKTOP-6VKCMBO',_binary ''),(1755,12,302,'2025-10-09 11:34:50','Asignación Aplicación a Usuario - Actualizar','192.168.56.1','DESKTOP-6VKCMBO',_binary ''),(1756,12,303,'2025-10-09 11:35:12','Asignación Aplicación a Usuario - Actualizar','192.168.56.1','DESKTOP-6VKCMBO',_binary ''),(1757,12,NULL,'2025-10-09 11:35:44','Ingreso','192.168.56.1','DESKTOP-6VKCMBO',_binary ''),(1758,12,NULL,'2025-10-09 12:30:34','Ingreso','192.168.56.1','DESKTOP-6VKCMBO',_binary ''),(1759,12,NULL,'2025-10-09 12:35:28','Ingreso','192.168.56.1','DESKTOP-6VKCMBO',_binary ''),(1760,12,NULL,'2025-10-09 12:38:10','Ingreso','192.168.56.1','DESKTOP-6VKCMBO',_binary ''),(1761,12,NULL,'2025-10-09 12:40:47','Ingreso','192.168.56.1','DESKTOP-6VKCMBO',_binary ''),(1762,12,301,'2025-10-09 12:43:16','Asignación Aplicación a Usuario - Actualizar','192.168.56.1','DESKTOP-6VKCMBO',_binary ''),(1763,12,302,'2025-10-09 12:43:22','Asignación Aplicación a Usuario - Actualizar','192.168.56.1','DESKTOP-6VKCMBO',_binary ''),(1764,12,303,'2025-10-09 12:43:27','Asignación Aplicación a Usuario - Actualizar','192.168.56.1','DESKTOP-6VKCMBO',_binary ''),(1765,12,304,'2025-10-09 12:43:31','Asignación Aplicación a Usuario - Actualizar','192.168.56.1','DESKTOP-6VKCMBO',_binary ''),(1766,12,305,'2025-10-09 12:43:35','Asignación Aplicación a Usuario - Actualizar','192.168.56.1','DESKTOP-6VKCMBO',_binary ''),(1767,12,306,'2025-10-09 12:43:39','Asignación Aplicación a Usuario - Actualizar','192.168.56.1','DESKTOP-6VKCMBO',_binary ''),(1768,12,307,'2025-10-09 12:43:44','Asignación Aplicación a Usuario - Actualizar','192.168.56.1','DESKTOP-6VKCMBO',_binary ''),(1769,12,308,'2025-10-09 12:43:49','Asignación Aplicación a Usuario - Actualizar','192.168.56.1','DESKTOP-6VKCMBO',_binary ''),(1770,12,NULL,'2025-10-09 12:46:46','Ingreso','192.168.56.1','DESKTOP-6VKCMBO',_binary ''),(1771,12,NULL,'2025-10-09 14:14:41','Ingreso','192.168.56.1','DESKTOP-6VKCMBO',_binary ''),(1772,12,301,'2025-10-09 15:06:23','Asignación Aplicación a Usuario - Actualizar','192.168.56.1','DESKTOP-6VKCMBO',_binary ''),(1773,12,302,'2025-10-09 15:06:28','Asignación Aplicación a Usuario - Actualizar','192.168.56.1','DESKTOP-6VKCMBO',_binary ''),(1774,12,303,'2025-10-09 15:06:32','Asignación Aplicación a Usuario - Actualizar','192.168.56.1','DESKTOP-6VKCMBO',_binary ''),(1775,12,304,'2025-10-09 15:06:39','Asignación Aplicación a Usuario - Actualizar','192.168.56.1','DESKTOP-6VKCMBO',_binary ''),(1776,12,305,'2025-10-09 15:06:44','Asignación Aplicación a Usuario - Actualizar','192.168.56.1','DESKTOP-6VKCMBO',_binary ''),(1777,12,306,'2025-10-09 15:06:48','Asignación Aplicación a Usuario - Actualizar','192.168.56.1','DESKTOP-6VKCMBO',_binary ''),(1778,12,307,'2025-10-09 15:06:52','Asignación Aplicación a Usuario - Actualizar','192.168.56.1','DESKTOP-6VKCMBO',_binary ''),(1779,12,308,'2025-10-09 15:06:58','Asignación Aplicación a Usuario - Actualizar','192.168.56.1','DESKTOP-6VKCMBO',_binary ''),(1780,12,NULL,'2025-10-09 15:08:04','Ingreso','192.168.56.1','DESKTOP-6VKCMBO',_binary ''),(1781,12,NULL,'2025-10-09 15:19:57','Permisos Perfil - Consulta','192.168.56.1','DESKTOP-6VKCMBO',_binary ''),(1782,12,301,'2025-10-09 15:26:26','Asignación Permisos Perfil - Agregar','192.168.56.1','DESKTOP-6VKCMBO',_binary ''),(1783,12,301,'2025-10-09 15:26:39','Asignación aplicación a perfil - Insertar','192.168.56.1','DESKTOP-6VKCMBO',_binary ''),(1784,12,1,'2025-10-09 15:27:01','Asignación Perfil a Usuario - Agregar','192.168.56.1','DESKTOP-6VKCMBO',_binary ''),(1785,12,1,'2025-10-09 15:27:09','Asignación Perfil a Usuario - Guardar','192.168.56.1','DESKTOP-6VKCMBO',_binary ''),(1786,12,NULL,'2025-10-09 15:27:38','Ingreso','192.168.56.1','DESKTOP-6VKCMBO',_binary ''),(1787,12,301,'2025-10-09 15:28:21','Asignación Aplicación a Usuario - Agregar','192.168.56.1','DESKTOP-6VKCMBO',_binary ''),(1788,12,301,'2025-10-09 15:28:27','Asignación Aplicación a Usuario - Quitar','192.168.56.1','DESKTOP-6VKCMBO',_binary ''),(1789,12,301,'2025-10-09 15:29:05','Asignación Aplicación a Usuario - Actualizar','192.168.56.1','DESKTOP-6VKCMBO',_binary ''),(1790,12,302,'2025-10-09 15:29:09','Asignación Aplicación a Usuario - Actualizar','192.168.56.1','DESKTOP-6VKCMBO',_binary ''),(1791,12,303,'2025-10-09 15:29:13','Asignación Aplicación a Usuario - Actualizar','192.168.56.1','DESKTOP-6VKCMBO',_binary ''),(1792,12,304,'2025-10-09 15:29:20','Asignación Aplicación a Usuario - Actualizar','192.168.56.1','DESKTOP-6VKCMBO',_binary ''),(1793,12,305,'2025-10-09 15:29:24','Asignación Aplicación a Usuario - Actualizar','192.168.56.1','DESKTOP-6VKCMBO',_binary ''),(1794,12,306,'2025-10-09 15:29:27','Asignación Aplicación a Usuario - Actualizar','192.168.56.1','DESKTOP-6VKCMBO',_binary ''),(1795,12,307,'2025-10-09 15:29:31','Asignación Aplicación a Usuario - Actualizar','192.168.56.1','DESKTOP-6VKCMBO',_binary ''),(1796,12,308,'2025-10-09 15:29:34','Asignación Aplicación a Usuario - Actualizar','192.168.56.1','DESKTOP-6VKCMBO',_binary ''),(1797,12,NULL,'2025-10-09 15:30:14','Permisos Perfil - Consulta','192.168.56.1','DESKTOP-6VKCMBO',_binary ''),(1798,12,NULL,'2025-10-09 15:32:22','Ingreso','192.168.56.1','DESKTOP-6VKCMBO',_binary ''),(1799,12,1,'2025-10-09 15:33:32','Asignación Perfil a Usuario - Agregar','192.168.56.1','DESKTOP-6VKCMBO',_binary ''),(1800,12,1,'2025-10-09 15:33:39','Asignación Perfil a Usuario - Guardar','192.168.56.1','DESKTOP-6VKCMBO',_binary ''),(1801,12,NULL,'2025-10-09 15:37:04','Ingreso','192.168.56.1','DESKTOP-6VKCMBO',_binary ''),(1802,12,NULL,'2025-10-09 15:44:20','Ingreso','192.168.56.1','DESKTOP-6VKCMBO',_binary ''),(1803,12,1,'2025-10-09 15:45:09','Asignación Perfil a Usuario - Agregar','192.168.56.1','DESKTOP-6VKCMBO',_binary ''),(1804,12,1,'2025-10-09 15:45:14','Asignación Perfil a Usuario - Guardar','192.168.56.1','DESKTOP-6VKCMBO',_binary ''),(1805,12,NULL,'2025-10-09 15:45:38','Ingreso','192.168.56.1','DESKTOP-6VKCMBO',_binary ''),(1806,12,NULL,'2025-10-09 15:50:08','Ingreso','192.168.56.1','DESKTOP-6VKCMBO',_binary ''),(1807,12,NULL,'2025-10-09 15:51:16','Ingreso','192.168.56.1','DESKTOP-6VKCMBO',_binary ''),(1808,12,NULL,'2025-10-09 15:51:59','Permisos Perfil - Consulta','192.168.56.1','DESKTOP-6VKCMBO',_binary ''),(1809,12,NULL,'2025-10-09 15:59:18','Ingreso','192.168.56.1','DESKTOP-6VKCMBO',_binary ''),(1810,12,NULL,'2025-10-09 16:05:45','Ingreso','192.168.56.1','DESKTOP-6VKCMBO',_binary ''),(1811,12,NULL,'2025-10-09 16:06:18','Permisos Perfil - Consulta','192.168.56.1','DESKTOP-6VKCMBO',_binary ''),(1812,12,301,'2025-10-09 16:06:23','Asignación Perfil a Usuario - Quitar','192.168.56.1','DESKTOP-6VKCMBO',_binary ''),(1813,12,301,'2025-10-09 16:06:34','Asignación Permisos Perfil - Agregar','192.168.56.1','DESKTOP-6VKCMBO',_binary ''),(1814,12,301,'2025-10-09 16:07:20','Asignación aplicación a perfil - Actualizar','192.168.56.1','DESKTOP-6VKCMBO',_binary ''),(1815,2,NULL,'2025-10-09 16:09:13','Ingreso','192.168.1.7','RICARDO',_binary ''),(1816,12,NULL,'2025-10-09 16:10:32','Ingreso','192.168.56.1','DESKTOP-6VKCMBO',_binary ''),(1817,23,NULL,'2025-10-09 16:11:05','Ingreso','192.168.1.7','RICARDO',_binary ''),(1818,23,1,'2025-10-09 16:11:32','Guardo nuevo usuario','192.168.1.7','RICARDO',_binary ''),(1819,12,NULL,'2025-10-09 16:33:11','Ingreso','192.168.56.1','DESKTOP-6VKCMBO',_binary ''),(1820,12,NULL,'2025-10-09 16:36:49','Ingreso','192.168.56.1','DESKTOP-6VKCMBO',_binary ''),(1821,12,NULL,'2025-10-09 16:37:25','Permisos Perfil - Consulta','192.168.56.1','DESKTOP-6VKCMBO',_binary ''),(1822,12,NULL,'2025-10-09 16:37:46','Permisos Perfil - Consulta','192.168.56.1','DESKTOP-6VKCMBO',_binary ''),(1823,12,NULL,'2025-10-09 16:42:03','Ingreso','192.168.56.1','DESKTOP-6VKCMBO',_binary ''),(1824,12,NULL,'2025-10-09 16:46:01','Ingreso','192.168.56.1','DESKTOP-6VKCMBO',_binary ''),(1825,12,NULL,'2025-10-09 16:52:43','Ingreso','192.168.56.1','DESKTOP-6VKCMBO',_binary ''),(1826,12,NULL,'2025-10-09 16:54:30','Ingreso','192.168.56.1','DESKTOP-6VKCMBO',_binary ''),(1827,12,NULL,'2025-10-09 16:58:16','Ingreso','192.168.56.1','DESKTOP-6VKCMBO',_binary ''),(1828,12,NULL,'2025-10-09 18:30:43','Ingreso','192.168.56.1','DESKTOP-6VKCMBO',_binary ''),(1829,12,NULL,'2025-10-09 18:37:26','Ingreso','192.168.56.1','DESKTOP-6VKCMBO',_binary ''),(1830,12,NULL,'2025-10-09 18:39:33','Ingreso','192.168.56.1','DESKTOP-6VKCMBO',_binary ''),(1831,12,NULL,'2025-10-09 18:44:14','Ingreso','192.168.56.1','DESKTOP-6VKCMBO',_binary ''),(1832,12,NULL,'2025-10-09 18:49:36','Ingreso','192.168.56.1','DESKTOP-6VKCMBO',_binary ''),(1833,12,NULL,'2025-10-09 18:51:27','Ingreso','192.168.56.1','DESKTOP-6VKCMBO',_binary ''),(1834,12,NULL,'2025-10-09 18:53:04','Ingreso','192.168.56.1','DESKTOP-6VKCMBO',_binary ''),(1835,12,NULL,'2025-10-09 18:55:22','Ingreso','192.168.56.1','DESKTOP-6VKCMBO',_binary ''),(1836,12,NULL,'2025-10-09 18:57:38','Ingreso','192.168.56.1','DESKTOP-6VKCMBO',_binary ''),(1837,12,NULL,'2025-10-09 19:01:48','Ingreso','192.168.56.1','DESKTOP-6VKCMBO',_binary ''),(1838,12,NULL,'2025-10-09 19:04:07','Ingreso','192.168.56.1','DESKTOP-6VKCMBO',_binary ''),(1839,12,NULL,'2025-10-09 19:07:40','Ingreso','192.168.56.1','DESKTOP-6VKCMBO',_binary ''),(1840,12,NULL,'2025-10-09 19:18:45','Ingreso','192.168.56.1','DESKTOP-6VKCMBO',_binary ''),(1841,12,NULL,'2025-10-09 19:19:54','Ingreso','192.168.56.1','DESKTOP-6VKCMBO',_binary ''),(1842,12,NULL,'2025-10-09 19:21:10','Ingreso','192.168.56.1','DESKTOP-6VKCMBO',_binary ''),(1843,12,NULL,'2025-10-09 19:22:31','Ingreso','192.168.56.1','DESKTOP-6VKCMBO',_binary ''),(1844,12,NULL,'2025-10-09 19:23:37','Permisos Perfil - Consulta','192.168.56.1','DESKTOP-6VKCMBO',_binary ''),(1845,12,301,'2025-10-09 19:24:02','Asignación Perfil a Usuario - Quitar','192.168.56.1','DESKTOP-6VKCMBO',_binary ''),(1846,12,304,'2025-10-09 19:24:13','Asignación Permisos Perfil - Agregar','192.168.56.1','DESKTOP-6VKCMBO',_binary ''),(1847,12,304,'2025-10-09 19:24:26','Asignación aplicación a perfil - Insertar','192.168.56.1','DESKTOP-6VKCMBO',_binary ''),(1848,12,1,'2025-10-09 19:24:53','Asignación Perfil a Usuario - Agregar','192.168.56.1','DESKTOP-6VKCMBO',_binary ''),(1849,12,1,'2025-10-09 19:24:59','Asignación Perfil a Usuario - Guardar','192.168.56.1','DESKTOP-6VKCMBO',_binary ''),(1850,12,NULL,'2025-10-09 19:25:25','Ingreso','192.168.56.1','DESKTOP-6VKCMBO',_binary ''),(1851,12,NULL,'2025-10-09 19:28:49','Ingreso','192.168.56.1','DESKTOP-6VKCMBO',_binary ''),(1852,12,NULL,'2025-10-09 19:36:58','Ingreso','192.168.56.1','DESKTOP-6VKCMBO',_binary ''),(1853,12,NULL,'2025-10-09 19:44:36','Ingreso','192.168.56.1','DESKTOP-6VKCMBO',_binary ''),(1854,12,NULL,'2025-10-09 19:48:58','Ingreso','192.168.56.1','DESKTOP-6VKCMBO',_binary ''),(1855,12,304,'2025-10-09 19:49:58','Asignación Permisos Perfil - Agregar','192.168.56.1','DESKTOP-6VKCMBO',_binary ''),(1856,12,304,'2025-10-09 19:50:36','Asignación aplicación a perfil - Actualizar','192.168.56.1','DESKTOP-6VKCMBO',_binary ''),(1857,12,NULL,'2025-10-09 19:51:23','Ingreso','192.168.56.1','DESKTOP-6VKCMBO',_binary ''),(1858,12,NULL,'2025-10-09 19:55:14','Permisos Perfil - Consulta','192.168.56.1','DESKTOP-6VKCMBO',_binary ''),(1859,12,301,'2025-10-09 19:55:20','Asignación aplicación a perfil - Actualizar','192.168.56.1','DESKTOP-6VKCMBO',_binary ''),(1860,12,304,'2025-10-09 19:55:23','Asignación aplicación a perfil - Actualizar','192.168.56.1','DESKTOP-6VKCMBO',_binary ''),(1861,12,NULL,'2025-10-09 19:55:54','Ingreso','192.168.56.1','DESKTOP-6VKCMBO',_binary ''),(1862,12,NULL,'2025-10-09 19:59:30','Permisos Perfil - Consulta','192.168.56.1','DESKTOP-6VKCMBO',_binary ''),(1863,12,NULL,'2025-10-09 20:05:22','Ingreso','192.168.56.1','DESKTOP-6VKCMBO',_binary ''),(1864,12,NULL,'2025-10-09 20:27:15','Ingreso','192.168.56.1','DESKTOP-6VKCMBO',_binary ''),(1865,12,NULL,'2025-10-09 20:28:38','Ingreso','192.168.56.1','DESKTOP-6VKCMBO',_binary ''),(1866,19,NULL,'2025-10-09 20:41:54','Ingreso','192.168.1.7','RICARDO',_binary ''),(1867,19,NULL,'2025-10-09 20:42:10','Cierre de sesión','192.168.1.7','RICARDO',_binary '\0'),(1868,4,NULL,'2025-10-09 20:42:30','Ingreso','192.168.1.7','RICARDO',_binary ''),(1869,4,1,'2025-10-09 20:43:07','Guardar módulo','192.168.1.7','RICARDO',_binary ''),(1870,4,1,'2025-10-09 20:44:20','Eliminar módulo','192.168.1.7','RICARDO',_binary ''),(1871,12,NULL,'2025-10-09 20:46:31','Ingreso','192.168.1.102','LUCHCODEDEV',_binary ''),(1872,12,NULL,'2025-10-09 20:51:32','Ingreso','192.168.56.1','DESKTOP-6VKCMBO',_binary ''),(1873,23,NULL,'2025-10-09 20:54:32','Ingreso','192.168.137.1','COMPU_CESAR',_binary ''),(1874,12,NULL,'2025-10-09 20:56:22','Ingreso','192.168.56.1','DESKTOP-6VKCMBO',_binary ''),(1875,12,306,'2025-10-09 20:58:12','Asignación Aplicación a Usuario - Agregar','192.168.56.1','DESKTOP-6VKCMBO',_binary ''),(1876,12,306,'2025-10-09 20:58:27','Asignación Aplicación a Usuario - Actualizar','192.168.56.1','DESKTOP-6VKCMBO',_binary ''),(1877,12,307,'2025-10-09 20:58:40','Asignación Aplicación a Usuario - Agregar','192.168.56.1','DESKTOP-6VKCMBO',_binary ''),(1878,12,307,'2025-10-09 20:58:56','Asignación Aplicación a Usuario - Actualizar','192.168.56.1','DESKTOP-6VKCMBO',_binary ''),(1879,12,308,'2025-10-09 20:59:08','Asignación Aplicación a Usuario - Agregar','192.168.56.1','DESKTOP-6VKCMBO',_binary ''),(1880,12,308,'2025-10-09 20:59:21','Asignación Aplicación a Usuario - Actualizar','192.168.56.1','DESKTOP-6VKCMBO',_binary ''),(1881,12,306,'2025-10-09 20:59:33','Asignación Aplicación a Usuario - Agregar','192.168.56.1','DESKTOP-6VKCMBO',_binary ''),(1882,12,306,'2025-10-09 20:59:48','Asignación Aplicación a Usuario - Actualizar','192.168.56.1','DESKTOP-6VKCMBO',_binary ''),(1883,4,NULL,'2025-10-09 21:01:42','Ingreso','192.168.1.7','RICARDO',_binary ''),(1885,23,NULL,'2025-10-09 21:04:09','Ingreso','192.168.56.1','DESKTOP-6VKCMBO',_binary ''),(1886,37,NULL,'2025-10-09 21:13:16','Ingreso','192.168.1.102','LUCHCODEDEV',_binary ''),(1887,4,NULL,'2025-10-09 21:28:16','Ingreso','192.168.1.7','RICARDO',_binary ''),(1888,12,NULL,'2025-10-10 07:26:58','Ingreso','192.168.56.1','DESKTOP-6VKCMBO',_binary ''),(1889,12,NULL,'2025-10-10 07:29:15','Ingreso','192.168.56.1','DESKTOP-6VKCMBO',_binary ''),(1890,23,NULL,'2025-10-10 07:51:33','Ingreso','10.0.5.15','COMPU_CESAR',_binary ''),(1891,23,NULL,'2025-10-10 07:54:51','Guardar empleado','10.0.5.15','COMPU_CESAR',_binary ''),(1892,23,1,'2025-10-10 07:56:03','Guardo nuevo usuario','10.0.5.15','COMPU_CESAR',_binary ''),(1893,23,1,'2025-10-10 07:57:15','Guardo nuevo usuario','10.0.5.15','COMPU_CESAR',_binary ''),(1894,40,NULL,'2025-10-10 07:58:36','Ingreso','10.0.5.15','COMPU_CESAR',_binary ''),(1895,40,NULL,'2025-10-10 08:01:50','Cambio de contraseña','10.0.5.15','COMPU_CESAR',_binary ''),(1896,40,NULL,'2025-10-10 08:02:18','Ingreso','10.0.5.15','COMPU_CESAR',_binary ''),(1897,40,NULL,'2025-10-10 08:02:30','Cierre de sesión','10.0.5.15','COMPU_CESAR',_binary '\0'),(1898,23,NULL,'2025-10-10 08:03:12','Ingreso','10.0.5.15','COMPU_CESAR',_binary ''),(1899,23,303,'2025-10-10 08:04:25','Asignación Aplicación a Usuario - Agregar','10.0.5.15','COMPU_CESAR',_binary ''),(1900,23,303,'2025-10-10 08:04:44','Asignación Aplicación a Usuario - Insertar','10.0.5.15','COMPU_CESAR',_binary ''),(1901,23,NULL,'2025-10-10 08:05:56','Cierre de sesión','10.0.5.15','COMPU_CESAR',_binary '\0'),(1902,40,NULL,'2025-10-10 08:06:37','Ingreso','10.0.5.15','COMPU_CESAR',_binary ''),(1903,40,1,'2025-10-10 08:08:20','Guardar perfil','10.0.5.15','COMPU_CESAR',_binary ''),(1904,23,NULL,'2025-10-10 08:09:30','Ingreso','10.0.5.15','COMPU_CESAR',_binary ''),(1905,23,301,'2025-10-10 08:13:22','Asignación Permisos Perfil - Agregar','10.0.5.15','COMPU_CESAR',_binary ''),(1906,23,301,'2025-10-10 08:13:43','Asignación aplicación a perfil - Insertar','10.0.5.15','COMPU_CESAR',_binary ''),(1907,23,1,'2025-10-10 08:14:53','Guardo nuevo usuario','10.0.5.15','COMPU_CESAR',_binary ''),(1908,23,1,'2025-10-10 08:15:36','Asignación Perfil a Usuario - Agregar','10.0.5.15','COMPU_CESAR',_binary ''),(1909,23,1,'2025-10-10 08:15:45','Asignación Perfil a Usuario - Guardar','10.0.5.15','COMPU_CESAR',_binary ''),(1910,23,1,'2025-10-10 08:15:53','Asignación Perfil a Usuario - Agregar','10.0.5.15','COMPU_CESAR',_binary ''),(1911,23,1,'2025-10-10 08:16:00','Asignación Perfil a Usuario - Guardar','10.0.5.15','COMPU_CESAR',_binary ''),(1912,23,NULL,'2025-10-10 08:16:59','Cierre de sesión','10.0.5.15','COMPU_CESAR',_binary '\0'),(1913,41,NULL,'2025-10-10 08:17:22','Ingreso','10.0.5.15','COMPU_CESAR',_binary ''),(1914,23,NULL,'2025-10-10 08:18:24','Ingreso','10.0.5.15','COMPU_CESAR',_binary ''),(1915,40,NULL,'2025-10-10 08:20:18','Ingreso','10.0.5.15','COMPU_CESAR',_binary ''),(1916,12,NULL,'2025-10-10 08:25:31','Ingreso','10.0.5.15','COMPU_CESAR',_binary ''),(1917,23,NULL,'2025-10-10 18:44:36','Ingreso','192.168.137.1','COMPU_CESAR',_binary ''),(1918,12,NULL,'2025-10-10 18:48:49','Ingreso','192.168.56.1','DESKTOP-6VKCMBO',_binary ''),(1919,23,NULL,'2025-10-10 18:50:55','Ingreso','192.168.137.1','COMPU_CESAR',_binary ''),(1920,23,NULL,'2025-10-10 19:02:07','Ingreso','192.168.137.1','COMPU_CESAR',_binary ''),(1921,23,NULL,'2025-10-10 19:10:04','Ingreso','192.168.137.1','COMPU_CESAR',_binary ''),(1922,12,NULL,'2025-10-10 19:28:42','Ingreso','192.168.56.1','DESKTOP-6VKCMBO',_binary ''),(1923,23,NULL,'2025-10-10 19:29:44','Ingreso','192.168.137.1','COMPU_CESAR',_binary ''),(1924,23,NULL,'2025-10-10 19:30:03','Cierre de sesión','192.168.137.1','COMPU_CESAR',_binary '\0'),(1925,4,NULL,'2025-10-10 19:30:04','Ingreso','192.168.56.1','DESKTOP-01DDSQ2',_binary ''),(1926,4,NULL,'2025-10-10 19:33:02','Ingreso','192.168.56.1','DESKTOP-01DDSQ2',_binary ''),(1927,12,3,'2025-10-10 19:33:46','Asignación Permisos Perfil - Agregar','192.168.56.1','DESKTOP-6VKCMBO',_binary ''),(1928,23,NULL,'2025-10-10 19:38:42','Ingreso','192.168.137.1','COMPU_CESAR',_binary ''),(1929,4,NULL,'2025-10-10 19:43:26','Ingreso','192.168.56.1','DESKTOP-01DDSQ2',_binary ''),(1930,4,1,'2025-10-10 19:44:02','Guardar perfil','192.168.56.1','DESKTOP-01DDSQ2',_binary ''),(1931,4,NULL,'2025-10-10 19:49:50','Ingreso','192.168.56.1','DESKTOP-01DDSQ2',_binary ''),(1932,4,1,'2025-10-10 19:50:43','Modificar perfil','192.168.56.1','DESKTOP-01DDSQ2',_binary ''),(1933,4,10,'2025-10-10 19:51:29','Asignación Permisos Perfil - Agregar','192.168.56.1','DESKTOP-01DDSQ2',_binary ''),(1934,4,10,'2025-10-10 19:51:33','Asignación aplicación a perfil - Insertar','192.168.56.1','DESKTOP-01DDSQ2',_binary ''),(1935,23,NULL,'2025-10-10 20:50:19','Ingreso','192.168.1.11','DAVID',_binary ''),(1936,23,NULL,'2025-10-10 20:54:34','Guardar empleado','192.168.1.11','DAVID',_binary ''),(1937,23,NULL,'2025-10-10 20:57:51','Guardar empleado','192.168.1.11','DAVID',_binary ''),(1938,23,NULL,'2025-10-10 20:58:06','Modificar empleado','192.168.1.11','DAVID',_binary ''),(1939,23,NULL,'2025-10-10 21:01:56','Cierre de sesión','192.168.1.11','DAVID',_binary '\0'),(1940,23,NULL,'2025-10-10 21:40:10','Ingreso','192.168.1.11','DAVID',_binary ''),(1941,23,NULL,'2025-10-10 21:42:31','Guardar empleado','192.168.1.11','DAVID',_binary ''),(1942,23,NULL,'2025-10-10 21:42:55','Ingreso','192.168.137.1','COMPU_CESAR',_binary ''),(1943,23,NULL,'2025-10-10 21:43:44','Modificar empleado','192.168.1.11','DAVID',_binary ''),(1944,12,NULL,'2025-10-11 12:40:32','Ingreso','192.168.1.102','LUCHCODEDEV',_binary ''),(1945,12,NULL,'2025-10-11 13:04:36','Ingreso','192.168.1.102','LUCHCODEDEV',_binary ''),(1946,12,NULL,'2025-10-11 13:05:26','Permisos Perfil - Consulta','192.168.1.102','LUCHCODEDEV',_binary ''),(1947,12,NULL,'2025-10-11 13:08:05','Permisos Perfil - Consulta','192.168.1.102','LUCHCODEDEV',_binary ''),(1948,12,NULL,'2025-10-11 13:08:29','Permisos Perfil - Consulta','192.168.1.102','LUCHCODEDEV',_binary ''),(1949,12,NULL,'2025-10-11 13:08:44','Permisos Perfil - Consulta','192.168.1.102','LUCHCODEDEV',_binary ''),(1950,12,NULL,'2025-10-11 13:08:50','Permisos Perfil - Consulta','192.168.1.102','LUCHCODEDEV',_binary ''),(1951,12,NULL,'2025-10-11 13:11:42','Permisos Perfil - Consulta','192.168.1.102','LUCHCODEDEV',_binary ''),(1952,12,NULL,'2025-10-11 13:20:54','Permisos Perfil - Consulta','192.168.1.102','LUCHCODEDEV',_binary ''),(1953,23,NULL,'2025-10-11 14:48:56','Ingreso','192.168.68.118','RICARDO',_binary ''),(1954,23,NULL,'2025-10-11 14:49:32','Ingreso','192.168.68.118','RICARDO',_binary ''),(1955,23,NULL,'2025-10-11 14:50:18','Ingreso','192.168.68.118','RICARDO',_binary ''),(1956,23,NULL,'2025-10-11 14:55:51','Cierre de sesión','192.168.68.118','RICARDO',_binary '\0'),(1957,23,NULL,'2025-10-11 14:55:52','Cierre de sesión','192.168.68.118','RICARDO',_binary '\0'),(1958,23,NULL,'2025-10-11 15:19:29','Ingreso','192.168.68.118','RICARDO',_binary ''),(1959,23,NULL,'2025-10-11 15:19:56','Cierre de sesión','192.168.68.118','RICARDO',_binary '\0'),(1960,23,NULL,'2025-10-11 15:19:56','Cierre de sesión','192.168.68.118','RICARDO',_binary '\0'),(1961,23,NULL,'2025-10-11 15:20:31','Ingreso','192.168.68.118','RICARDO',_binary ''),(1962,23,NULL,'2025-10-11 15:21:18','Ingreso','192.168.68.118','RICARDO',_binary ''),(1963,23,NULL,'2025-10-11 15:21:41','Cierre de sesión','192.168.68.118','RICARDO',_binary '\0'),(1964,23,NULL,'2025-10-11 15:21:41','Cierre de sesión','192.168.68.118','RICARDO',_binary '\0'),(1965,23,NULL,'2025-10-11 15:24:16','Ingreso','192.168.68.118','RICARDO',_binary ''),(1966,23,NULL,'2025-10-11 15:25:40','Ingreso','192.168.68.118','RICARDO',_binary ''),(1967,23,NULL,'2025-10-11 15:34:40','Cierre de sesión','192.168.68.118','RICARDO',_binary '\0'),(1968,23,NULL,'2025-10-11 15:40:52','Ingreso','192.168.68.118','RICARDO',_binary ''),(1969,23,NULL,'2025-10-11 15:41:36','Ingreso','192.168.68.118','RICARDO',_binary ''),(1970,23,NULL,'2025-10-11 15:42:00','Cierre de sesión','192.168.68.118','RICARDO',_binary '\0'),(1971,23,NULL,'2025-10-11 15:42:18','Ingreso','192.168.68.118','RICARDO',_binary ''),(1972,23,NULL,'2025-10-11 15:47:43','Ingreso','192.168.68.118','RICARDO',_binary ''),(1973,23,NULL,'2025-10-11 15:48:07','Cierre de sesión','192.168.68.118','RICARDO',_binary '\0'),(1974,23,NULL,'2025-10-11 15:48:42','Ingreso','192.168.68.118','RICARDO',_binary ''),(1975,23,NULL,'2025-10-11 17:08:59','Cierre de sesión','192.168.68.118','RICARDO',_binary '\0'),(1976,23,NULL,'2025-10-11 17:13:10','Ingreso','192.168.137.1','COMPU_CESAR',_binary ''),(1977,2,NULL,'2025-10-11 17:14:02','Ingreso','192.168.137.1','COMPU_CESAR',_binary ''),(1978,2,NULL,'2025-10-11 17:23:21','Ingreso','192.168.137.1','COMPU_CESAR',_binary ''),(1979,2,NULL,'2025-10-11 17:30:13','Ingreso','192.168.137.1','COMPU_CESAR',_binary ''),(1980,23,NULL,'2025-10-11 17:32:30','Ingreso','192.168.68.118','RICARDO',_binary ''),(1981,23,NULL,'2025-10-11 17:35:46','Ingreso','192.168.68.118','RICARDO',_binary ''),(1982,23,NULL,'2025-10-11 17:36:08','Cierre de sesión','192.168.68.118','RICARDO',_binary '\0'),(1983,23,NULL,'2025-10-11 17:36:55','Ingreso','192.168.68.118','RICARDO',_binary ''),(1984,23,NULL,'2025-10-11 17:37:21','Cierre de sesión','192.168.68.118','RICARDO',_binary '\0'),(1985,23,NULL,'2025-10-11 17:37:54','Ingreso','192.168.68.118','RICARDO',_binary ''),(1986,23,NULL,'2025-10-11 17:38:56','Cierre de sesión','192.168.68.118','RICARDO',_binary '\0'),(1987,23,NULL,'2025-10-11 17:52:02','Ingreso','192.168.68.118','RICARDO',_binary ''),(1988,23,NULL,'2025-10-11 17:52:33','Cierre de sesión','192.168.68.118','RICARDO',_binary '\0'),(1989,23,NULL,'2025-10-11 19:59:07','Ingreso','192.168.68.118','RICARDO',_binary ''),(1990,23,1,'2025-10-11 19:59:40','Guardar módulo: Ventas','192.168.68.118','RICARDO',_binary ''),(1991,23,1,'2025-10-11 19:59:56','Eliminar módulo: ','192.168.68.118','RICARDO',_binary ''),(1992,23,NULL,'2025-10-11 20:01:02','Cierre de sesión','192.168.68.118','RICARDO',_binary '\0'),(1993,23,NULL,'2025-10-11 20:10:45','Ingreso','192.168.68.118','RICARDO',_binary ''),(1994,23,1,'2025-10-11 20:11:09','Guardar módulo: Ventas','192.168.68.118','RICARDO',_binary ''),(1995,23,1,'2025-10-11 20:11:29','Eliminar módulo: Ventas','192.168.68.118','RICARDO',_binary ''),(1996,23,NULL,'2025-10-11 20:20:29','Cierre de sesión','192.168.68.118','RICARDO',_binary '\0'),(1997,15,NULL,'2025-10-11 21:47:23','Ingreso','192.168.56.1','DESKTOP-01DDSQ2',_binary ''),(1998,4,NULL,'2025-10-11 21:47:58','Ingreso','192.168.56.1','DESKTOP-01DDSQ2',_binary ''),(1999,4,301,'2025-10-11 21:48:55','Asignación Aplicación a Usuario - Agregar','192.168.56.1','DESKTOP-01DDSQ2',_binary ''),(2000,4,301,'2025-10-11 21:49:07','Asignación Aplicación a Usuario - Insertar','192.168.56.1','DESKTOP-01DDSQ2',_binary ''),(2001,4,1,'2025-10-11 21:49:35','Asignación Perfil a Usuario - Agregar','192.168.56.1','DESKTOP-01DDSQ2',_binary ''),(2002,4,1,'2025-10-11 21:49:39','Asignación Perfil a Usuario - Guardar','192.168.56.1','DESKTOP-01DDSQ2',_binary ''),(2003,4,303,'2025-10-11 21:49:57','Asignación Permisos Perfil - Agregar','192.168.56.1','DESKTOP-01DDSQ2',_binary ''),(2004,4,303,'2025-10-11 21:50:08','Asignación aplicación a perfil - Insertar','192.168.56.1','DESKTOP-01DDSQ2',_binary ''),(2005,15,NULL,'2025-10-11 21:50:43','Ingreso','192.168.56.1','DESKTOP-01DDSQ2',_binary ''),(2006,15,NULL,'2025-10-11 21:56:58','Ingreso','192.168.56.1','DESKTOP-01DDSQ2',_binary ''),(2007,15,NULL,'2025-10-11 21:57:47','Cierre de sesión','192.168.56.1','DESKTOP-01DDSQ2',_binary '\0'),(2008,8,NULL,'2025-10-11 21:59:19','Ingreso','192.168.56.1','DESKTOP-01DDSQ2',_binary ''),(2009,4,NULL,'2025-10-11 21:59:55','Ingreso','192.168.56.1','DESKTOP-01DDSQ2',_binary ''),(2010,4,1,'2025-10-11 22:01:25','Asignación Perfil a Usuario - Agregar','192.168.56.1','DESKTOP-01DDSQ2',_binary ''),(2011,4,1,'2025-10-11 22:01:37','Asignación Perfil a Usuario - Guardar','192.168.56.1','DESKTOP-01DDSQ2',_binary ''),(2012,8,NULL,'2025-10-11 22:02:00','Ingreso','192.168.56.1','DESKTOP-01DDSQ2',_binary ''),(2013,4,NULL,'2025-10-11 22:02:52','Ingreso','192.168.56.1','DESKTOP-01DDSQ2',_binary ''),(2014,4,NULL,'2025-10-11 22:03:29','Permisos Perfil - Consulta','192.168.56.1','DESKTOP-01DDSQ2',_binary ''),(2015,8,NULL,'2025-10-11 22:05:51','Ingreso','192.168.56.1','DESKTOP-01DDSQ2',_binary ''),(2016,4,NULL,'2025-10-11 22:07:10','Ingreso','192.168.56.1','DESKTOP-01DDSQ2',_binary ''),(2017,4,NULL,'2025-10-11 22:07:31','Permisos Perfil - Consulta','192.168.56.1','DESKTOP-01DDSQ2',_binary ''),(2018,8,NULL,'2025-10-11 22:14:26','Ingreso','192.168.56.1','DESKTOP-01DDSQ2',_binary ''),(2019,8,NULL,'2025-10-11 22:29:11','Ingreso','192.168.56.1','DESKTOP-01DDSQ2',_binary ''),(2020,23,NULL,'2025-10-11 22:31:19','Ingreso','192.168.68.118','RICARDO',_binary ''),(2021,23,301,'2025-10-11 22:33:09','Asignación Aplicación a Usuario - Agregar','192.168.68.118','RICARDO',_binary ''),(2022,23,NULL,'2025-10-11 22:33:47','Cierre de sesión','192.168.68.118','RICARDO',_binary '\0'),(2023,8,NULL,'2025-10-11 22:34:31','Ingreso','192.168.56.1','DESKTOP-01DDSQ2',_binary ''),(2024,8,NULL,'2025-10-11 22:38:47','Ingreso','192.168.56.1','DESKTOP-01DDSQ2',_binary ''),(2025,15,NULL,'2025-10-11 22:40:03','Ingreso','192.168.56.1','DESKTOP-01DDSQ2',_binary ''),(2026,15,1,'2025-10-11 22:42:24','Guardo nuevo usuario','192.168.56.1','DESKTOP-01DDSQ2',_binary ''),(2027,4,NULL,'2025-10-11 22:42:46','Ingreso','192.168.56.1','DESKTOP-01DDSQ2',_binary ''),(2028,4,10,'2025-10-11 22:43:28','Asignación Aplicación a Usuario - Quitar','192.168.56.1','DESKTOP-01DDSQ2',_binary ''),(2029,4,301,'2025-10-11 22:43:40','Asignación Aplicación a Usuario - Agregar','192.168.56.1','DESKTOP-01DDSQ2',_binary ''),(2030,4,301,'2025-10-11 22:43:46','Asignación Aplicación a Usuario - Actualizar','192.168.56.1','DESKTOP-01DDSQ2',_binary ''),(2031,4,301,'2025-10-11 22:43:49','Asignación Aplicación a Usuario - Insertar','192.168.56.1','DESKTOP-01DDSQ2',_binary ''),(2032,42,NULL,'2025-10-11 22:44:10','Ingreso','192.168.56.1','DESKTOP-01DDSQ2',_binary ''),(2033,15,NULL,'2025-10-11 23:03:59','Ingreso','192.168.56.1','DESKTOP-01DDSQ2',_binary ''),(2034,15,NULL,'2025-10-11 23:10:23','Ingreso','192.168.56.1','DESKTOP-01DDSQ2',_binary ''),(2035,23,NULL,'2025-10-11 23:16:46','Ingreso','192.168.68.118','RICARDO',_binary ''),(2036,23,301,'2025-10-11 23:17:39','Asignación Aplicación a Usuario - Actualizar','192.168.68.118','RICARDO',_binary ''),(2037,23,NULL,'2025-10-11 23:19:56','Cierre de sesión','192.168.68.118','RICARDO',_binary '\0'),(2038,23,NULL,'2025-10-11 23:21:19','Ingreso','192.168.68.118','RICARDO',_binary ''),(2039,23,NULL,'2025-10-11 23:22:02','Permisos Perfil - Consulta','192.168.68.118','RICARDO',_binary ''),(2040,23,10,'2025-10-11 23:22:19','Asignación aplicación a perfil - Actualizar','192.168.68.118','RICARDO',_binary ''),(2041,23,301,'2025-10-11 23:23:47','Asignación Permisos Perfil - Agregar','192.168.68.118','RICARDO',_binary ''),(2042,23,301,'2025-10-11 23:24:25','Asignación aplicación a perfil - Insertar','192.168.68.118','RICARDO',_binary ''),(2043,23,NULL,'2025-10-11 23:26:41','Cierre de sesión','192.168.68.118','RICARDO',_binary '\0'),(2044,2,NULL,'2025-10-11 23:26:57','Ingreso','192.168.137.1','COMPU_CESAR',_binary ''),(2045,23,NULL,'2025-10-11 23:32:55','Ingreso','192.168.68.118','RICARDO',_binary ''),(2046,23,NULL,'2025-10-11 23:33:05','Cierre de sesión','192.168.68.118','RICARDO',_binary '\0'),(2047,23,NULL,'2025-10-11 23:33:23','Ingreso','192.168.68.118','RICARDO',_binary ''),(2048,23,NULL,'2025-10-11 23:33:38','Cierre de sesión','192.168.68.118','RICARDO',_binary '\0'),(2049,23,NULL,'2025-10-11 23:36:59','Ingreso','192.168.68.118','RICARDO',_binary ''),(2050,23,NULL,'2025-10-11 23:37:07','Cierre de sesión','192.168.68.118','RICARDO',_binary '\0'),(2051,23,NULL,'2025-10-11 23:37:29','Ingreso','192.168.68.118','RICARDO',_binary ''),(2052,23,NULL,'2025-10-11 23:38:21','Cierre de sesión','192.168.68.118','RICARDO',_binary '\0'),(2053,23,NULL,'2025-10-11 23:38:54','Ingreso','192.168.68.118','RICARDO',_binary ''),(2054,23,NULL,'2025-10-11 23:39:03','Cierre de sesión','192.168.68.118','RICARDO',_binary '\0'),(2055,23,NULL,'2025-10-11 23:39:30','Ingreso','192.168.68.118','RICARDO',_binary ''),(2056,23,NULL,'2025-10-11 23:39:42','Cierre de sesión','192.168.68.118','RICARDO',_binary '\0'),(2057,23,NULL,'2025-10-11 23:40:08','Ingreso','192.168.68.118','RICARDO',_binary ''),(2058,23,NULL,'2025-10-11 23:40:42','Cierre de sesión','192.168.68.118','RICARDO',_binary '\0'),(2059,23,NULL,'2025-10-11 23:41:29','Ingreso','192.168.1.102','LUCHCODEDEV',_binary ''),(2060,23,NULL,'2025-10-11 23:43:00','Ingreso','192.168.1.102','LUCHCODEDEV',_binary ''),(2061,23,NULL,'2025-10-11 23:45:04','Ingreso','192.168.1.102','LUCHCODEDEV',_binary ''),(2062,23,NULL,'2025-10-11 23:57:57','Ingreso','192.168.68.118','RICARDO',_binary ''),(2063,23,NULL,'2025-10-11 23:58:10','Cierre de sesión','192.168.68.118','RICARDO',_binary '\0'),(2064,23,NULL,'2025-10-11 23:58:30','Ingreso','192.168.68.118','RICARDO',_binary ''),(2065,23,NULL,'2025-10-11 23:58:38','Cierre de sesión','192.168.68.118','RICARDO',_binary '\0'),(2066,23,NULL,'2025-10-11 23:59:11','Ingreso','192.168.68.118','RICARDO',_binary ''),(2067,23,NULL,'2025-10-12 00:01:27','Ingreso','192.168.68.118','RICARDO',_binary ''),(2068,23,NULL,'2025-10-12 00:01:35','Cierre de sesión','192.168.68.118','RICARDO',_binary '\0'),(2069,23,NULL,'2025-10-12 00:01:55','Ingreso','192.168.68.118','RICARDO',_binary ''),(2070,23,NULL,'2025-10-12 00:05:18','Ingreso','192.168.68.118','RICARDO',_binary ''),(2071,23,NULL,'2025-10-12 00:05:26','Cierre de sesión','192.168.68.118','RICARDO',_binary '\0'),(2072,23,NULL,'2025-10-12 00:05:26','Cierre de sesión','192.168.68.118','RICARDO',_binary '\0'),(2073,23,NULL,'2025-10-12 00:05:27','Cierre de sesión','192.168.68.118','RICARDO',_binary '\0'),(2074,23,NULL,'2025-10-12 00:06:31','Ingreso','192.168.68.118','RICARDO',_binary ''),(2075,23,NULL,'2025-10-12 00:06:40','Cierre de sesión','192.168.68.118','RICARDO',_binary '\0'),(2076,23,NULL,'2025-10-12 00:06:40','Cierre de sesión','192.168.68.118','RICARDO',_binary '\0'),(2077,23,NULL,'2025-10-12 00:06:41','Cierre de sesión','192.168.68.118','RICARDO',_binary '\0'),(2078,23,NULL,'2025-10-12 00:06:42','Cierre de sesión','192.168.68.118','RICARDO',_binary '\0'),(2079,23,NULL,'2025-10-12 00:12:21','Ingreso','192.168.68.118','RICARDO',_binary ''),(2080,23,NULL,'2025-10-12 00:12:24','Cierre de sesión','192.168.68.118','RICARDO',_binary '\0'),(2081,23,NULL,'2025-10-12 00:12:25','Cierre de sesión','192.168.68.118','RICARDO',_binary '\0'),(2082,23,NULL,'2025-10-12 00:12:25','Cierre de sesión','192.168.68.118','RICARDO',_binary '\0'),(2083,4,NULL,'2025-10-12 00:12:34','Ingreso','192.168.56.1','DESKTOP-01DDSQ2',_binary ''),(2084,23,NULL,'2025-10-12 00:12:48','Ingreso','192.168.68.118','RICARDO',_binary ''),(2085,23,NULL,'2025-10-12 00:13:37','Cierre de sesión','192.168.68.118','RICARDO',_binary '\0'),(2086,23,NULL,'2025-10-12 00:13:37','Cierre de sesión','192.168.68.118','RICARDO',_binary '\0'),(2087,23,NULL,'2025-10-12 00:14:02','Ingreso','192.168.68.118','RICARDO',_binary ''),(2088,4,NULL,'2025-10-12 00:14:12','Cierre de sesión','192.168.56.1','DESKTOP-01DDSQ2',_binary '\0'),(2089,4,NULL,'2025-10-12 00:14:13','Cierre de sesión','192.168.56.1','DESKTOP-01DDSQ2',_binary '\0'),(2090,4,NULL,'2025-10-12 00:14:37','Ingreso','192.168.56.1','DESKTOP-01DDSQ2',_binary ''),(2091,4,NULL,'2025-10-12 00:14:51','Cierre de sesión','192.168.56.1','DESKTOP-01DDSQ2',_binary '\0'),(2092,4,NULL,'2025-10-12 00:14:52','Cierre de sesión','192.168.56.1','DESKTOP-01DDSQ2',_binary '\0'),(2093,4,NULL,'2025-10-12 00:14:53','Cierre de sesión','192.168.56.1','DESKTOP-01DDSQ2',_binary '\0'),(2094,4,NULL,'2025-10-12 00:14:55','Cierre de sesión','192.168.56.1','DESKTOP-01DDSQ2',_binary '\0'),(2095,23,NULL,'2025-10-12 00:16:46','Cierre de sesión','192.168.68.118','RICARDO',_binary '\0'),(2096,23,NULL,'2025-10-12 00:16:47','Cierre de sesión','192.168.68.118','RICARDO',_binary '\0'),(2097,23,NULL,'2025-10-12 00:17:06','Ingreso','192.168.68.118','RICARDO',_binary ''),(2098,23,NULL,'2025-10-12 00:17:40','Cierre de sesión','192.168.68.118','RICARDO',_binary '\0'),(2099,23,NULL,'2025-10-12 00:17:41','Cierre de sesión','192.168.68.118','RICARDO',_binary '\0'),(2100,23,NULL,'2025-10-12 00:17:58','Ingreso','192.168.68.118','RICARDO',_binary ''),(2101,23,NULL,'2025-10-12 00:18:13','Cierre de sesión','192.168.68.118','RICARDO',_binary '\0'),(2102,23,NULL,'2025-10-12 00:18:14','Cierre de sesión','192.168.68.118','RICARDO',_binary '\0'),(2103,23,NULL,'2025-10-12 00:20:41','Ingreso','192.168.68.118','RICARDO',_binary ''),(2104,23,NULL,'2025-10-12 00:20:46','Cierre de sesión','192.168.68.118','RICARDO',_binary '\0'),(2105,23,NULL,'2025-10-12 00:21:07','Ingreso','192.168.68.118','RICARDO',_binary ''),(2106,23,NULL,'2025-10-12 00:21:20','Cierre de sesión','192.168.68.118','RICARDO',_binary '\0'),(2107,23,NULL,'2025-10-12 00:28:49','Ingreso','192.168.68.118','RICARDO',_binary ''),(2108,23,NULL,'2025-10-12 00:28:56','Cierre de sesión','192.168.68.118','RICARDO',_binary '\0'),(2109,23,NULL,'2025-10-12 00:29:15','Ingreso','192.168.68.118','RICARDO',_binary ''),(2110,23,NULL,'2025-10-12 00:29:18','Cierre de sesión','192.168.68.118','RICARDO',_binary '\0'),(2111,23,NULL,'2025-10-12 00:37:03','Ingreso','192.168.1.55','BELY',_binary ''),(2112,23,NULL,'2025-10-12 00:37:28','Ingreso','192.168.1.102','LUCHCODEDEV',_binary ''),(2113,23,NULL,'2025-10-12 00:37:34','Cierre de sesión','192.168.1.55','BELY',_binary '\0'),(2114,23,NULL,'2025-10-12 00:41:52','Ingreso','192.168.1.55','BELY',_binary ''),(2115,23,NULL,'2025-10-12 00:42:16','Cierre de sesión','192.168.1.55','BELY',_binary '\0'),(2116,23,NULL,'2025-10-12 00:42:47','Ingreso','192.168.1.55','BELY',_binary ''),(2117,23,NULL,'2025-10-12 00:44:04','Cierre de sesión','192.168.1.55','BELY',_binary '\0'),(2118,23,NULL,'2025-10-12 00:44:05','Cierre de sesión','192.168.1.55','BELY',_binary '\0'),(2119,23,NULL,'2025-10-12 00:44:47','Ingreso','192.168.1.55','BELY',_binary ''),(2120,23,NULL,'2025-10-12 00:44:55','Cierre de sesión','192.168.1.55','BELY',_binary '\0'),(2121,23,NULL,'2025-10-12 00:44:56','Cierre de sesión','192.168.1.55','BELY',_binary '\0'),(2122,23,NULL,'2025-10-12 00:50:14','Ingreso','192.168.1.55','BELY',_binary ''),(2123,23,NULL,'2025-10-12 00:50:20','Cierre de sesión','192.168.1.55','BELY',_binary '\0'),(2124,23,NULL,'2025-10-12 00:50:39','Cierre de sesión','192.168.1.55','BELY',_binary '\0'),(2125,5,NULL,'2025-10-12 00:52:11','Ingreso','192.168.1.55','BELY',_binary ''),(2126,5,NULL,'2025-10-12 00:52:21','Cierre de sesión','192.168.1.55','BELY',_binary '\0'),(2127,23,NULL,'2025-10-12 00:52:39','Ingreso','192.168.1.55','BELY',_binary ''),(2128,23,NULL,'2025-10-12 00:52:42','Cierre de sesión','192.168.1.55','BELY',_binary '\0'),(2129,23,NULL,'2025-10-12 00:53:11','Ingreso','192.168.1.55','BELY',_binary ''),(2130,23,NULL,'2025-10-12 00:53:30','Cierre de sesión','192.168.1.55','BELY',_binary '\0'),(2131,1,NULL,'2025-10-12 01:02:28','Ingreso','192.168.68.118','RICARDO',_binary ''),(2132,1,NULL,'2025-10-12 01:02:49','Cierre de sesión','192.168.68.118','RICARDO',_binary '\0'),(2133,23,NULL,'2025-10-12 01:03:00','Ingreso','192.168.68.118','RICARDO',_binary ''),(2134,23,NULL,'2025-10-12 01:03:02','Cierre de sesión','192.168.68.118','RICARDO',_binary '\0'),(2135,1,NULL,'2025-10-12 01:03:50','Ingreso','192.168.68.118','RICARDO',_binary ''),(2136,1,NULL,'2025-10-12 01:04:06','Cierre de sesión','192.168.68.118','RICARDO',_binary '\0'),(2137,23,NULL,'2025-10-12 01:04:17','Ingreso','192.168.68.118','RICARDO',_binary ''),(2138,23,NULL,'2025-10-12 01:04:19','Cierre de sesión','192.168.68.118','RICARDO',_binary '\0'),(2139,1,NULL,'2025-10-12 01:05:03','Ingreso','192.168.68.118','RICARDO',_binary ''),(2140,1,NULL,'2025-10-12 01:05:27','Cierre de sesión','192.168.68.118','RICARDO',_binary '\0'),(2141,23,NULL,'2025-10-12 01:05:42','Ingreso','192.168.68.118','RICARDO',_binary ''),(2142,23,NULL,'2025-10-12 01:05:44','Cierre de sesión','192.168.68.118','RICARDO',_binary '\0'),(2143,1,NULL,'2025-10-12 01:06:49','Ingreso','192.168.68.118','RICARDO',_binary ''),(2144,1,NULL,'2025-10-12 01:06:53','Cierre de sesión','192.168.68.118','RICARDO',_binary '\0'),(2145,23,NULL,'2025-10-12 01:07:06','Ingreso','192.168.68.118','RICARDO',_binary ''),(2146,23,NULL,'2025-10-12 01:07:08','Cierre de sesión','192.168.68.118','RICARDO',_binary '\0'),(2147,23,NULL,'2025-10-12 01:09:16','Ingreso','192.168.68.118','RICARDO',_binary ''),(2148,5,NULL,'2025-10-12 01:10:02','Ingreso','192.168.1.55','BELY',_binary ''),(2149,5,NULL,'2025-10-12 01:10:26','Cierre de sesión','192.168.1.55','BELY',_binary '\0'),(2150,23,NULL,'2025-10-12 01:10:38','Ingreso','192.168.1.55','BELY',_binary ''),(2151,23,NULL,'2025-10-12 01:10:55','Cierre de sesión','192.168.1.55','BELY',_binary '\0'),(2152,5,NULL,'2025-10-12 01:11:10','Ingreso','192.168.1.55','BELY',_binary ''),(2153,5,NULL,'2025-10-12 01:11:17','Cierre de sesión','192.168.1.55','BELY',_binary '\0'),(2154,23,NULL,'2025-10-12 01:11:45','Cierre de sesión','192.168.68.118','RICARDO',_binary '\0'),(2155,1,NULL,'2025-10-12 01:15:07','Ingreso','192.168.68.118','RICARDO',_binary ''),(2156,1,NULL,'2025-10-12 01:15:16','Cierre de sesión','192.168.68.118','RICARDO',_binary '\0'),(2157,23,NULL,'2025-10-12 01:15:26','Ingreso','192.168.68.118','RICARDO',_binary ''),(2158,23,NULL,'2025-10-12 01:15:34','Cierre de sesión','192.168.68.118','RICARDO',_binary '\0'),(2159,12,NULL,'2025-10-12 06:46:35','Ingreso','192.168.1.4','LAPTOP-6C415UB3',_binary ''),(2160,12,NULL,'2025-10-12 06:51:17','Ingreso','192.168.1.4','LAPTOP-6C415UB3',_binary ''),(2161,12,NULL,'2025-10-12 06:57:52','Ingreso','192.168.1.4','LAPTOP-6C415UB3',_binary ''),(2162,12,NULL,'2025-10-12 07:17:55','Ingreso','192.168.1.4','LAPTOP-6C415UB3',_binary ''),(2163,12,NULL,'2025-10-12 07:25:24','Ingreso','192.168.1.4','LAPTOP-6C415UB3',_binary ''),(2164,12,NULL,'2025-10-12 07:42:20','Ingreso','192.168.1.4','LAPTOP-6C415UB3',_binary ''),(2165,12,NULL,'2025-10-12 07:47:46','Ingreso','192.168.1.4','LAPTOP-6C415UB3',_binary ''),(2166,12,NULL,'2025-10-12 07:54:52','Ingreso','192.168.1.4','LAPTOP-6C415UB3',_binary ''),(2168,12,NULL,'2025-10-12 08:03:30','Recuperar contraseña','192.168.1.4','LAPTOP-6C415UB3',_binary ''),(2169,12,NULL,'2025-10-12 08:03:43','Ingreso','192.168.1.4','LAPTOP-6C415UB3',_binary ''),(2171,12,1,'2025-10-12 08:04:53','Insertó un nuevo usuario: administradorCesas','192.168.1.4','LAPTOP-6C415UB3',_binary ''),(2172,12,NULL,'2025-10-12 08:05:10','Cierre de sesión','192.168.1.4','LAPTOP-6C415UB3',_binary '\0'),(2173,12,NULL,'2025-10-12 08:05:25','Cierre de sesión','192.168.1.4','LAPTOP-6C415UB3',_binary '\0'),(2174,12,NULL,'2025-10-12 08:06:13','Recuperar contraseña','192.168.1.4','LAPTOP-6C415UB3',_binary ''),(2175,12,NULL,'2025-10-12 08:06:27','Ingreso','192.168.1.4','LAPTOP-6C415UB3',_binary ''),(2176,12,NULL,'2025-10-12 08:07:46','Ingreso','192.168.1.4','LAPTOP-6C415UB3',_binary ''),(2177,12,NULL,'2025-10-12 08:30:24','Ingreso','192.168.1.4','LAPTOP-6C415UB3',_binary ''),(2178,12,NULL,'2025-10-12 08:30:44','Cierre de sesión','192.168.1.4','LAPTOP-6C415UB3',_binary '\0'),(2179,4,NULL,'2025-10-12 14:01:33','Ingreso','192.168.56.1','DESKTOP-01DDSQ2',_binary ''),(2180,4,NULL,'2025-10-12 14:02:12','Cierre de sesión','192.168.56.1','DESKTOP-01DDSQ2',_binary '\0'),(2181,15,NULL,'2025-10-12 14:08:58','Ingreso','192.168.56.1','DESKTOP-01DDSQ2',_binary ''),(2182,15,NULL,'2025-10-12 14:13:01','Ingreso','192.168.56.1','DESKTOP-01DDSQ2',_binary ''),(2183,15,NULL,'2025-10-12 14:13:38','Cierre de sesión','192.168.56.1','DESKTOP-01DDSQ2',_binary '\0'),(2184,42,NULL,'2025-10-12 14:13:56','Ingreso','192.168.56.1','DESKTOP-01DDSQ2',_binary ''),(2185,42,NULL,'2025-10-12 14:14:13','Cierre de sesión','192.168.56.1','DESKTOP-01DDSQ2',_binary '\0'),(2186,8,NULL,'2025-10-12 14:14:26','Ingreso','192.168.56.1','DESKTOP-01DDSQ2',_binary ''),(2187,8,NULL,'2025-10-12 14:14:47','Cierre de sesión','192.168.56.1','DESKTOP-01DDSQ2',_binary '\0'),(2188,4,NULL,'2025-10-12 14:15:12','Ingreso','192.168.56.1','DESKTOP-01DDSQ2',_binary ''),(2189,4,1,'2025-10-12 14:17:24','Insertó un nuevo usuario: alexander','192.168.56.1','DESKTOP-01DDSQ2',_binary ''),(2190,4,NULL,'2025-10-12 14:17:37','Cierre de sesión','192.168.56.1','DESKTOP-01DDSQ2',_binary '\0'),(2191,44,NULL,'2025-10-12 14:18:46','Ingreso','192.168.56.1','DESKTOP-01DDSQ2',_binary ''),(2192,44,NULL,'2025-10-12 14:19:04','Cierre de sesión','192.168.56.1','DESKTOP-01DDSQ2',_binary '\0'),(2193,4,NULL,'2025-10-12 14:19:18','Ingreso','192.168.56.1','DESKTOP-01DDSQ2',_binary ''),(2194,4,1,'2025-10-12 14:20:06','Asignación Perfil a Usuario - Guardar','192.168.56.1','DESKTOP-01DDSQ2',_binary ''),(2195,4,1,'2025-10-12 14:20:07','Asignación Perfil a Usuario - Agregar','192.168.56.1','DESKTOP-01DDSQ2',_binary ''),(2196,4,1,'2025-10-12 14:20:13','Asignación Perfil a Usuario - Guardar','192.168.56.1','DESKTOP-01DDSQ2',_binary ''),(2197,4,NULL,'2025-10-12 14:20:22','Permisos Perfil - Consulta','192.168.56.1','DESKTOP-01DDSQ2',_binary ''),(2198,4,NULL,'2025-10-12 14:20:34','Cierre de sesión','192.168.56.1','DESKTOP-01DDSQ2',_binary '\0'),(2199,44,NULL,'2025-10-12 14:20:48','Ingreso','192.168.56.1','DESKTOP-01DDSQ2',_binary ''),(2200,4,NULL,'2025-10-12 14:21:41','Ingreso','192.168.56.1','DESKTOP-01DDSQ2',_binary ''),(2201,4,308,'2025-10-12 14:22:18','Asignación Aplicación a Usuario - Agregar','192.168.56.1','DESKTOP-01DDSQ2',_binary ''),(2202,4,308,'2025-10-12 14:22:24','Asignación Aplicación a Usuario - Insertar','192.168.56.1','DESKTOP-01DDSQ2',_binary ''),(2203,44,NULL,'2025-10-12 14:22:50','Ingreso','192.168.56.1','DESKTOP-01DDSQ2',_binary ''),(2204,4,NULL,'2025-10-12 14:23:54','Ingreso','192.168.56.1','DESKTOP-01DDSQ2',_binary ''),(2205,4,304,'2025-10-12 14:24:41','Asignación Aplicación a Usuario - Agregar','192.168.56.1','DESKTOP-01DDSQ2',_binary ''),(2206,4,304,'2025-10-12 14:25:02','Asignación Aplicación a Usuario - Insertar','192.168.56.1','DESKTOP-01DDSQ2',_binary ''),(2207,4,NULL,'2025-10-12 14:25:50','Permisos Perfil - Consulta','192.168.56.1','DESKTOP-01DDSQ2',_binary ''),(2208,4,305,'2025-10-12 14:26:06','Asignación Permisos Perfil - Agregar','192.168.56.1','DESKTOP-01DDSQ2',_binary ''),(2209,4,301,'2025-10-12 14:26:11','Asignación aplicación a perfil - Actualizar','192.168.56.1','DESKTOP-01DDSQ2',_binary ''),(2210,4,305,'2025-10-12 14:26:13','Asignación aplicación a perfil - Insertar','192.168.56.1','DESKTOP-01DDSQ2',_binary ''),(2211,44,NULL,'2025-10-12 14:26:41','Ingreso','192.168.56.1','DESKTOP-01DDSQ2',_binary ''),(2212,44,1,'2025-10-12 14:28:40','Guardar aplicación','192.168.56.1','DESKTOP-01DDSQ2',_binary ''),(2213,44,NULL,'2025-10-12 14:28:49','Cierre de sesión','192.168.56.1','DESKTOP-01DDSQ2',_binary '\0'),(2214,4,NULL,'2025-10-12 14:34:46','Ingreso','192.168.56.1','DESKTOP-01DDSQ2',_binary ''),(2215,4,309,'2025-10-12 14:35:35','Asignación Permisos Perfil - Agregar','192.168.56.1','DESKTOP-01DDSQ2',_binary ''),(2216,4,309,'2025-10-12 14:35:40','Asignación aplicación a perfil - Insertar','192.168.56.1','DESKTOP-01DDSQ2',_binary ''),(2217,4,NULL,'2025-10-12 14:36:04','Ingreso','192.168.56.1','DESKTOP-01DDSQ2',_binary ''),(2218,4,NULL,'2025-10-12 14:48:59','Ingreso','192.168.56.1','DESKTOP-01DDSQ2',_binary ''),(2219,4,1,'2025-10-12 14:50:13','Asignación Perfil a Usuario - Agregar','192.168.56.1','DESKTOP-01DDSQ2',_binary ''),(2220,4,1,'2025-10-12 14:50:17','Asignación Perfil a Usuario - Guardar','192.168.56.1','DESKTOP-01DDSQ2',_binary ''),(2221,4,NULL,'2025-10-12 14:52:54','Ingreso','192.168.56.1','DESKTOP-01DDSQ2',_binary ''),(2222,4,1,'2025-10-12 14:53:22','Insertó un nuevo usuario: rebeca','192.168.56.1','DESKTOP-01DDSQ2',_binary ''),(2223,45,NULL,'2025-10-12 14:53:50','Ingreso','192.168.56.1','DESKTOP-01DDSQ2',_binary ''),(2224,4,NULL,'2025-10-12 14:54:34','Ingreso','192.168.56.1','DESKTOP-01DDSQ2',_binary ''),(2225,4,309,'2025-10-12 14:55:24','Asignación Aplicación a Usuario - Agregar','192.168.56.1','DESKTOP-01DDSQ2',_binary ''),(2226,4,309,'2025-10-12 14:56:16','Asignación Aplicación a Usuario - Agregar','192.168.56.1','DESKTOP-01DDSQ2',_binary ''),(2227,4,309,'2025-10-12 14:56:19','Asignación Aplicación a Usuario - Insertar','192.168.56.1','DESKTOP-01DDSQ2',_binary ''),(2228,4,309,'2025-10-12 14:56:22','Asignación Aplicación a Usuario - Insertar','192.168.56.1','DESKTOP-01DDSQ2',_binary ''),(2229,12,NULL,'2025-10-12 14:56:57','Ingreso','192.168.56.1','DESKTOP-01DDSQ2',_binary ''),(2230,2,NULL,'2025-10-12 14:57:16','Ingreso','192.168.137.1','COMPU_CESAR',_binary ''),(2231,2,NULL,'2025-10-12 14:57:20','Cierre de sesión','192.168.137.1','COMPU_CESAR',_binary '\0'),(2232,12,NULL,'2025-10-12 14:57:58','Cierre de sesión','192.168.56.1','DESKTOP-01DDSQ2',_binary '\0'),(2233,7,NULL,'2025-10-12 14:58:17','Recuperar contraseña','192.168.1.102','LUCHCODEDEV',_binary ''),(2234,7,NULL,'2025-10-12 14:58:33','Ingreso','192.168.1.102','LUCHCODEDEV',_binary ''),(2235,4,NULL,'2025-10-12 15:01:26','Ingreso','192.168.56.1','DESKTOP-01DDSQ2',_binary ''),(2236,4,NULL,'2025-10-12 15:02:14','Cierre de sesión','192.168.56.1','DESKTOP-01DDSQ2',_binary '\0'),(2237,4,NULL,'2025-10-12 15:07:23','Ingreso','192.168.56.1','DESKTOP-01DDSQ2',_binary ''),(2238,4,1,'2025-10-12 15:08:17','Insertó un nuevo usuario: kkk','192.168.56.1','DESKTOP-01DDSQ2',_binary ''),(2239,2,NULL,'2025-10-12 15:12:08','Ingreso','192.168.137.1','COMPU_CESAR',_binary ''),(2240,23,NULL,'2025-10-12 15:13:47','Ingreso','192.168.1.11','DAVID',_binary ''),(2241,23,NULL,'2025-10-12 15:22:12','Cierre de sesión','192.168.1.11','DAVID',_binary '\0'),(2242,2,NULL,'2025-10-12 15:26:34','Ingreso','192.168.137.1','COMPU_CESAR',_binary ''),(2243,2,NULL,'2025-10-12 15:35:47','Ingreso','192.168.137.1','COMPU_CESAR',_binary ''),(2244,2,NULL,'2025-10-12 15:38:03','Cierre de sesión','192.168.137.1','COMPU_CESAR',_binary '\0'),(2245,2,NULL,'2025-10-12 15:46:39','Ingreso','192.168.137.1','COMPU_CESAR',_binary ''),(2246,2,NULL,'2025-10-12 15:46:58','Cierre de sesión','192.168.137.1','COMPU_CESAR',_binary '\0'),(2247,2,NULL,'2025-10-12 15:52:55','Ingreso','192.168.137.1','COMPU_CESAR',_binary ''),(2248,2,NULL,'2025-10-12 15:53:01','Cierre de sesión','192.168.137.1','COMPU_CESAR',_binary '\0'),(2249,2,NULL,'2025-10-12 15:54:45','Ingreso','192.168.137.1','COMPU_CESAR',_binary ''),(2250,2,NULL,'2025-10-12 15:55:55','Cierre de sesión','192.168.137.1','COMPU_CESAR',_binary '\0'),(2251,23,NULL,'2025-10-12 16:05:48','Ingreso','192.168.1.11','DAVID',_binary ''),(2252,23,NULL,'2025-10-12 16:07:10','Cierre de sesión','192.168.1.11','DAVID',_binary '\0'),(2253,2,NULL,'2025-10-12 16:09:17','Ingreso','192.168.137.1','COMPU_CESAR',_binary ''),(2254,2,NULL,'2025-10-12 16:09:35','Cierre de sesión','192.168.137.1','COMPU_CESAR',_binary '\0'),(2255,2,NULL,'2025-10-12 16:32:42','Ingreso','192.168.137.1','COMPU_CESAR',_binary ''),(2256,2,NULL,'2025-10-12 16:32:54','Cierre de sesión','192.168.137.1','COMPU_CESAR',_binary '\0'),(2257,23,NULL,'2025-10-12 16:43:57','Ingreso','192.168.56.1','DESKTOP-6VKCMBO',_binary ''),(2258,23,NULL,'2025-10-12 16:46:06','Guardar empleado','192.168.56.1','DESKTOP-6VKCMBO',_binary ''),(2259,23,NULL,'2025-10-12 16:46:26','Eliminar empleado','192.168.56.1','DESKTOP-6VKCMBO',_binary ''),(2260,23,NULL,'2025-10-12 16:49:02','Ingreso','192.168.56.1','DESKTOP-6VKCMBO',_binary ''),(2261,23,NULL,'2025-10-12 16:55:39','Ingreso','192.168.56.1','DESKTOP-6VKCMBO',_binary ''),(2262,23,NULL,'2025-10-12 16:56:28','Ingreso','192.168.1.11','DAVID',_binary ''),(2263,23,NULL,'2025-10-12 16:56:46','Eliminar empleado','192.168.1.11','DAVID',_binary ''),(2264,23,NULL,'2025-10-12 16:56:51','Cierre de sesión','192.168.1.11','DAVID',_binary '\0'),(2265,23,NULL,'2025-10-12 16:58:29','Ingreso','192.168.1.11','DAVID',_binary ''),(2266,23,NULL,'2025-10-12 16:59:22','Guardar empleado','192.168.1.11','DAVID',_binary ''),(2267,23,NULL,'2025-10-12 16:59:29','Eliminar empleado','192.168.1.11','DAVID',_binary ''),(2268,23,NULL,'2025-10-12 16:59:37','Cierre de sesión','192.168.1.11','DAVID',_binary '\0'),(2269,23,NULL,'2025-10-12 17:00:10','Ingreso','192.168.56.1','DESKTOP-6VKCMBO',_binary ''),(2270,23,NULL,'2025-10-12 17:00:44','Ingreso','192.168.1.11','DAVID',_binary ''),(2271,23,NULL,'2025-10-12 17:01:38','Guardar empleado','192.168.1.11','DAVID',_binary ''),(2272,23,NULL,'2025-10-12 17:01:48','Eliminar empleado','192.168.1.11','DAVID',_binary ''),(2273,23,NULL,'2025-10-12 17:04:03','Cierre de sesión','192.168.1.11','DAVID',_binary '\0'),(2274,4,NULL,'2025-10-12 17:04:09','Cierre de sesión','192.168.56.1','DESKTOP-01DDSQ2',_binary '\0'),(2275,23,NULL,'2025-10-12 17:04:31','Ingreso','192.168.56.1','DESKTOP-6VKCMBO',_binary ''),(2276,23,NULL,'2025-10-12 17:05:57','Ingreso','192.168.1.11','DAVID',_binary ''),(2277,23,NULL,'2025-10-12 17:07:04','Guardar empleado','192.168.1.11','DAVID',_binary ''),(2278,23,NULL,'2025-10-12 17:07:17','Eliminar empleado','192.168.1.11','DAVID',_binary ''),(2279,23,NULL,'2025-10-12 17:07:29','Cierre de sesión','192.168.1.11','DAVID',_binary '\0'),(2280,23,NULL,'2025-10-12 17:12:51','Ingreso','192.168.56.1','DESKTOP-6VKCMBO',_binary ''),(2281,23,1,'2025-10-12 17:13:53','Guardar módulo','192.168.56.1','DESKTOP-6VKCMBO',_binary ''),(2282,23,1,'2025-10-12 17:14:35','Eliminar módulo','192.168.56.1','DESKTOP-6VKCMBO',_binary ''),(2283,2,NULL,'2025-10-12 17:15:00','Ingreso','192.168.137.1','COMPU_CESAR',_binary ''),(2284,2,NULL,'2025-10-12 17:15:21','Cierre de sesión','192.168.137.1','COMPU_CESAR',_binary '\0'),(2285,23,NULL,'2025-10-12 17:15:41','Ingreso','192.168.137.1','COMPU_CESAR',_binary ''),(2286,23,NULL,'2025-10-12 17:19:13','Cierre de sesión','192.168.137.1','COMPU_CESAR',_binary '\0'),(2287,2,NULL,'2025-10-12 17:26:49','Ingreso','192.168.137.1','COMPU_CESAR',_binary ''),(2288,2,NULL,'2025-10-12 17:27:30','Cierre de sesión','192.168.137.1','COMPU_CESAR',_binary '\0'),(2289,2,NULL,'2025-10-12 17:27:48','Ingreso','192.168.137.1','COMPU_CESAR',_binary ''),(2290,2,NULL,'2025-10-12 17:28:05','Cierre de sesión','192.168.137.1','COMPU_CESAR',_binary '\0'),(2291,23,NULL,'2025-10-12 17:28:42','Ingreso','192.168.137.1','COMPU_CESAR',_binary ''),(2292,23,1,'2025-10-12 17:29:36','Modificar aplicación','192.168.137.1','COMPU_CESAR',_binary ''),(2293,23,NULL,'2025-10-12 17:31:47','Cierre de sesión','192.168.137.1','COMPU_CESAR',_binary '\0'),(2294,15,NULL,'2025-10-12 17:51:09','Ingreso','192.168.137.1','COMPU_CESAR',_binary ''),(2295,15,NULL,'2025-10-12 17:52:02','Cierre de sesión','192.168.137.1','COMPU_CESAR',_binary '\0'),(2296,2,NULL,'2025-10-12 17:54:18','Ingreso','192.168.137.1','COMPU_CESAR',_binary ''),(2297,2,NULL,'2025-10-12 17:54:37','Cierre de sesión','192.168.137.1','COMPU_CESAR',_binary '\0'),(2298,23,NULL,'2025-10-12 17:55:46','Ingreso','192.168.1.11','DAVID',_binary ''),(2299,23,NULL,'2025-10-12 17:56:17','Modificar empleado','192.168.1.11','DAVID',_binary ''),(2300,23,NULL,'2025-10-12 17:57:13','Guardar empleado','192.168.1.11','DAVID',_binary ''),(2301,23,NULL,'2025-10-12 17:57:21','Eliminar empleado','192.168.1.11','DAVID',_binary ''),(2302,23,NULL,'2025-10-12 17:57:25','Cierre de sesión','192.168.1.11','DAVID',_binary '\0'),(2303,2,NULL,'2025-10-12 18:11:26','Ingreso','192.168.137.1','COMPU_CESAR',_binary ''),(2304,2,NULL,'2025-10-12 18:11:54','Cierre de sesión','192.168.137.1','COMPU_CESAR',_binary '\0'),(2305,2,NULL,'2025-10-12 18:19:34','Ingreso','192.168.137.1','COMPU_CESAR',_binary ''),(2306,2,NULL,'2025-10-12 18:20:03','Cierre de sesión','192.168.137.1','COMPU_CESAR',_binary '\0'),(2307,23,NULL,'2025-10-12 19:18:55','Ingreso','192.168.1.11','DAVID',_binary ''),(2308,23,NULL,'2025-10-12 19:19:22','Cierre de sesión','192.168.1.11','DAVID',_binary '\0'),(2309,23,NULL,'2025-10-12 19:23:13','Ingreso','192.168.1.11','DAVID',_binary ''),(2310,23,NULL,'2025-10-12 19:23:25','Cierre de sesión','192.168.1.11','DAVID',_binary '\0'),(2311,23,NULL,'2025-10-12 20:31:52','Ingreso','192.168.1.11','DAVID',_binary ''),(2312,23,NULL,'2025-10-12 20:32:10','Modificar empleado','192.168.1.11','DAVID',_binary ''),(2313,23,NULL,'2025-10-12 20:33:15','Guardar empleado','192.168.1.11','DAVID',_binary ''),(2314,23,NULL,'2025-10-12 20:33:28','Modificar empleado','192.168.1.11','DAVID',_binary ''),(2315,23,NULL,'2025-10-12 20:33:39','Eliminar empleado','192.168.1.11','DAVID',_binary ''),(2316,23,NULL,'2025-10-12 20:33:43','Cierre de sesión','192.168.1.11','DAVID',_binary '\0'),(2317,12,NULL,'2025-10-12 20:44:23','Ingreso','192.168.1.4','LAPTOP-6C415UB3',_binary ''),(2318,12,NULL,'2025-10-12 20:44:47','Cierre de sesión','192.168.1.4','LAPTOP-6C415UB3',_binary '\0'),(2319,12,NULL,'2025-10-12 20:44:50','Cierre de sesión','192.168.1.4','LAPTOP-6C415UB3',_binary '\0'),(2320,12,NULL,'2025-10-12 20:57:03','Ingreso','192.168.1.4','LAPTOP-6C415UB3',_binary ''),(2321,12,NULL,'2025-10-12 21:05:01','Ingreso','192.168.1.4','LAPTOP-6C415UB3',_binary ''),(2322,12,NULL,'2025-10-12 21:33:26','Ingreso','192.168.1.4','LAPTOP-6C415UB3',_binary ''),(2323,23,NULL,'2025-10-12 21:49:13','Ingreso','192.168.1.11','DAVID',_binary ''),(2324,23,NULL,'2025-10-12 21:51:52','Cierre de sesión','192.168.1.11','DAVID',_binary '\0'),(2325,23,NULL,'2025-10-12 22:18:41','Ingreso','192.168.1.11','DAVID',_binary ''),(2326,23,NULL,'2025-10-12 22:23:22','Ingreso','192.168.1.11','DAVID',_binary ''),(2327,23,NULL,'2025-10-12 22:33:27','Ingreso','192.168.1.11','DAVID',_binary ''),(2328,23,NULL,'2025-10-12 22:35:39','Ingreso','192.168.1.11','DAVID',_binary ''),(2329,23,1,'2025-10-12 22:37:23','Guardar aplicación','192.168.1.11','DAVID',_binary ''),(2330,23,1,'2025-10-12 22:37:44','Fallido Eliminacion: App con relaciones','192.168.1.11','DAVID',_binary '\0'),(2331,23,1,'2025-10-12 22:39:23','Fallido Eliminacion: App con relaciones','192.168.1.11','DAVID',_binary '\0'),(2332,23,NULL,'2025-10-12 22:41:03','Cierre de sesión','192.168.1.11','DAVID',_binary '\0'),(2333,2,NULL,'2025-10-12 22:44:16','Ingreso','192.168.137.1','COMPU_CESAR',_binary ''),(2334,2,NULL,'2025-10-12 22:46:35','Ingreso','192.168.137.1','COMPU_CESAR',_binary ''),(2335,23,NULL,'2025-10-12 22:46:45','Ingreso','192.168.1.11','DAVID',_binary ''),(2336,23,NULL,'2025-10-12 22:47:18','Cierre de sesión','192.168.1.11','DAVID',_binary '\0'),(2337,2,NULL,'2025-10-12 23:38:12','Ingreso','192.168.137.1','COMPU_CESAR',_binary ''),(2338,2,NULL,'2025-10-12 23:41:18','Ingreso','192.168.137.1','COMPU_CESAR',_binary ''),(2339,2,NULL,'2025-10-12 23:41:46','Cierre de sesión','192.168.137.1','COMPU_CESAR',_binary '\0'),(2340,2,NULL,'2025-10-12 23:45:43','Ingreso','192.168.137.1','COMPU_CESAR',_binary ''),(2341,2,NULL,'2025-10-12 23:46:00','Cierre de sesión','192.168.137.1','COMPU_CESAR',_binary '\0'),(2342,2,NULL,'2025-10-12 23:48:16','Ingreso','192.168.137.1','COMPU_CESAR',_binary ''),(2343,2,NULL,'2025-10-12 23:48:44','Cierre de sesión','192.168.137.1','COMPU_CESAR',_binary '\0');
/*!40000 ALTER TABLE `Tbl_Bitacora` ENABLE KEYS */;
UNLOCK TABLES;

--
-- Table structure for table `Tbl_Bloqueo_Usuario`
--

DROP TABLE IF EXISTS `Tbl_Bloqueo_Usuario`;
/*!40101 SET @saved_cs_client     = @@character_set_client */;
/*!50503 SET character_set_client = utf8mb4 */;
CREATE TABLE `Tbl_Bloqueo_Usuario` (
  `Pk_Id_Bloqueo` int NOT NULL AUTO_INCREMENT,
  `Fk_Id_Usuario` int DEFAULT NULL,
  `Fk_Id_Bitacora` int DEFAULT NULL,
  `Cmp_Fecha_Inicio_Bloqueo_Usuario` datetime DEFAULT NULL,
  `Cmp_Fecha_Fin_Bloqueo_Usuario` datetime DEFAULT NULL,
  `Cmp_Motivo__Bloqueo_Usuario` varchar(50) DEFAULT NULL,
  PRIMARY KEY (`Pk_Id_Bloqueo`),
  KEY `Fk_Bloqueo_Usuario` (`Fk_Id_Usuario`),
  KEY `Fk_Bloqueo_Bitacora` (`Fk_Id_Bitacora`),
  CONSTRAINT `Fk_Bloqueo_Bitacora` FOREIGN KEY (`Fk_Id_Bitacora`) REFERENCES `Tbl_Bitacora` (`Pk_Id_Bitacora`),
  CONSTRAINT `Fk_Bloqueo_Usuario` FOREIGN KEY (`Fk_Id_Usuario`) REFERENCES `Tbl_Usuario` (`Pk_Id_Usuario`)
) ENGINE=InnoDB DEFAULT CHARSET=utf8mb4 COLLATE=utf8mb4_0900_ai_ci;
/*!40101 SET character_set_client = @saved_cs_client */;

--
-- Dumping data for table `Tbl_Bloqueo_Usuario`
--

LOCK TABLES `Tbl_Bloqueo_Usuario` WRITE;
/*!40000 ALTER TABLE `Tbl_Bloqueo_Usuario` DISABLE KEYS */;
/*!40000 ALTER TABLE `Tbl_Bloqueo_Usuario` ENABLE KEYS */;
UNLOCK TABLES;

--
-- Table structure for table `Tbl_Cliente`
--

DROP TABLE IF EXISTS `Tbl_Cliente`;
/*!40101 SET @saved_cs_client     = @@character_set_client */;
/*!50503 SET character_set_client = utf8mb4 */;
CREATE TABLE `Tbl_Cliente` (
  `Pk_Id_Cliente` int NOT NULL,
  `Cmp_Nombres_Cliente` varchar(50) DEFAULT NULL,
  `Cmp_Apellidos_Cliente` varchar(50) DEFAULT NULL,
  `Cmp_Dni_Cliente` bigint DEFAULT NULL,
  `Cmp_Fecha_Registro_Cliente` datetime DEFAULT NULL,
  `Cmp_Estado_Cliente` bit(1) DEFAULT NULL,
  `Cmp_Nacionalidad_Cliente` varchar(50) DEFAULT NULL,
  PRIMARY KEY (`Pk_Id_Cliente`)
) ENGINE=InnoDB DEFAULT CHARSET=utf8mb4 COLLATE=utf8mb4_0900_ai_ci;
/*!40101 SET character_set_client = @saved_cs_client */;

--
-- Dumping data for table `Tbl_Cliente`
--

LOCK TABLES `Tbl_Cliente` WRITE;
/*!40000 ALTER TABLE `Tbl_Cliente` DISABLE KEYS */;
INSERT INTO `Tbl_Cliente` VALUES (1,'Cliente','Prueba',9876543210101,'2025-09-21 23:00:51',_binary '','Guatemalteco');
/*!40000 ALTER TABLE `Tbl_Cliente` ENABLE KEYS */;
UNLOCK TABLES;

--
-- Table structure for table `Tbl_Correo_Cliente`
--

DROP TABLE IF EXISTS `Tbl_Correo_Cliente`;
/*!40101 SET @saved_cs_client     = @@character_set_client */;
/*!50503 SET character_set_client = utf8mb4 */;
CREATE TABLE `Tbl_Correo_Cliente` (
  `Pk_Id_Correo` int NOT NULL,
  `Fk_Id_Cliente` int DEFAULT NULL,
  `Cmp_Correo_Cliente` varchar(50) DEFAULT NULL,
  PRIMARY KEY (`Pk_Id_Correo`),
  KEY `Fk_Correo_Cliente` (`Fk_Id_Cliente`),
  CONSTRAINT `Fk_Correo_Cliente` FOREIGN KEY (`Fk_Id_Cliente`) REFERENCES `Tbl_Cliente` (`Pk_Id_Cliente`)
) ENGINE=InnoDB DEFAULT CHARSET=utf8mb4 COLLATE=utf8mb4_0900_ai_ci;
/*!40101 SET character_set_client = @saved_cs_client */;

--
-- Dumping data for table `Tbl_Correo_Cliente`
--

LOCK TABLES `Tbl_Correo_Cliente` WRITE;
/*!40000 ALTER TABLE `Tbl_Correo_Cliente` DISABLE KEYS */;
/*!40000 ALTER TABLE `Tbl_Correo_Cliente` ENABLE KEYS */;
UNLOCK TABLES;

--
-- Table structure for table `Tbl_Empleado`
--

DROP TABLE IF EXISTS `Tbl_Empleado`;
/*!40101 SET @saved_cs_client     = @@character_set_client */;
/*!50503 SET character_set_client = utf8mb4 */;
CREATE TABLE `Tbl_Empleado` (
  `Pk_Id_Empleado` int NOT NULL AUTO_INCREMENT,
  `Cmp_Nombres_Empleado` varchar(50) DEFAULT NULL,
  `Cmp_Apellidos_Empleado` varchar(50) DEFAULT NULL,
  `Cmp_Dpi_Empleado` bigint DEFAULT NULL,
  `Cmp_Nit_Empleado` bigint DEFAULT NULL,
  `Cmp_Correo_Empleado` varchar(50) DEFAULT NULL,
  `Cmp_Telefono_Empleado` varchar(15) DEFAULT NULL,
  `Cmp_Genero_Empleado` bit(1) DEFAULT NULL,
  `Cmp_Fecha_Nacimiento_Empleado` date DEFAULT NULL,
  `Cmp_Fecha_Contratacion__Empleado` date DEFAULT NULL,
  PRIMARY KEY (`Pk_Id_Empleado`)
) ENGINE=InnoDB AUTO_INCREMENT=3416 DEFAULT CHARSET=utf8mb4 COLLATE=utf8mb4_0900_ai_ci;
/*!40101 SET character_set_client = @saved_cs_client */;

--
-- Dumping data for table `Tbl_Empleado`
--

LOCK TABLES `Tbl_Empleado` WRITE;
/*!40000 ALTER TABLE `Tbl_Empleado` DISABLE KEYS */;
INSERT INTO `Tbl_Empleado` VALUES (1,'Ricardo','Esquit',1234567890101,12345676,'ricardo@email.com','5555-5555',_binary '','2000-01-01','2020-01-01'),(2,'Juan','Pérez López',1234567890101,9876542,'juan.perez@example.com','5555-1234',_binary '','1995-08-20','2025-09-21'),(3,'Juan','pruebas',1234,123,'@pruebas','1234',_binary '','2025-09-26','2025-09-26'),(4,'Kenph','Luna',12314,1241245,'@pruebas','124124',_binary '','2003-03-02','2025-09-01'),(7,'Marcos','Velazquez',1234,232325,'marcos1@gmail.com','0901-22-3415',_binary '','2005-01-10','2025-10-10'),(8,'Juan','Perez',12345678,12345874,'juan@prueba.com','123456787',_binary '','2003-06-06','2025-02-02'),(9,'Ernesto','Samayoa',12123,22232,'samayoadavid1@gmail.com','234555',_binary '','2004-01-24','2025-01-15'),(10,'Aron','Edquit',123456788,2345674,'aron1@gmail.com','55667744',_binary '','2005-01-25','2025-02-23'),(11,'Cesar','Estrada',123,123,'cestrada5@miumg.edu.gt','0901-22-10153',_binary '','2003-06-20','2025-10-10'),(12,'Raul','Ramirez',112345,677778,'raul1@gmail.com','123456',_binary '','2002-01-25','2026-01-25'),(245,'Brandon','Hernandez',232323232,223380432,'beandon@mail.com','40472324',_binary '','2003-08-27','2025-10-08');
/*!40000 ALTER TABLE `Tbl_Empleado` ENABLE KEYS */;
UNLOCK TABLES;

--
-- Table structure for table `Tbl_Modulo`
--

DROP TABLE IF EXISTS `Tbl_Modulo`;
/*!40101 SET @saved_cs_client     = @@character_set_client */;
/*!50503 SET character_set_client = utf8mb4 */;
CREATE TABLE `Tbl_Modulo` (
  `Pk_Id_Modulo` int NOT NULL,
  `Cmp_Nombre_Modulo` varchar(50) DEFAULT NULL,
  `Cmp_Descripcion_Modulo` varchar(50) DEFAULT NULL,
  `Cmp_Estado_Modulo` bit(1) NOT NULL,
  PRIMARY KEY (`Pk_Id_Modulo`)
) ENGINE=InnoDB DEFAULT CHARSET=utf8mb4 COLLATE=utf8mb4_0900_ai_ci;
/*!40101 SET character_set_client = @saved_cs_client */;

--
-- Dumping data for table `Tbl_Modulo`
--

LOCK TABLES `Tbl_Modulo` WRITE;
/*!40000 ALTER TABLE `Tbl_Modulo` DISABLE KEYS */;
INSERT INTO `Tbl_Modulo` VALUES (1,'Pruebas','modulo de pruebas para probar Duh',_binary '\0'),(2,'Navegador','Módulo de navegador',_binary ''),(3,'Estandarizacion ','modulo de estandarizacion ',_binary ''),(4,'Seguridad','Modulo de seguridad de la hoteleria',_binary ''),(5,'RHM','Recursos Humanos',_binary ''),(9,'11111$$$$$$','asd',_binary ''),(32,'Ventas','Ver las ventas',_binary ''),(45,'Recursos','Quejas',_binary ''),(56,'Utileria','Muñecas',_binary ''),(91,'Prueba','Esto es una prueba',_binary ''),(96,'Market','Publicidad',_binary '');
/*!40000 ALTER TABLE `Tbl_Modulo` ENABLE KEYS */;
UNLOCK TABLES;

--
-- Table structure for table `Tbl_Nit_Cliente`
--

DROP TABLE IF EXISTS `Tbl_Nit_Cliente`;
/*!40101 SET @saved_cs_client     = @@character_set_client */;
/*!50503 SET character_set_client = utf8mb4 */;
CREATE TABLE `Tbl_Nit_Cliente` (
  `Pk_Id_Nit` int NOT NULL,
  `Fk_Id_Cliente` int DEFAULT NULL,
  `Cmp_Nit_Cliente` varchar(15) DEFAULT NULL,
  PRIMARY KEY (`Pk_Id_Nit`),
  KEY `Fk_Nit_Cliente` (`Fk_Id_Cliente`),
  CONSTRAINT `Fk_Nit_Cliente` FOREIGN KEY (`Fk_Id_Cliente`) REFERENCES `Tbl_Cliente` (`Pk_Id_Cliente`)
) ENGINE=InnoDB DEFAULT CHARSET=utf8mb4 COLLATE=utf8mb4_0900_ai_ci;
/*!40101 SET character_set_client = @saved_cs_client */;

--
-- Dumping data for table `Tbl_Nit_Cliente`
--

LOCK TABLES `Tbl_Nit_Cliente` WRITE;
/*!40000 ALTER TABLE `Tbl_Nit_Cliente` DISABLE KEYS */;
INSERT INTO `Tbl_Nit_Cliente` VALUES (1,1,'0901-22-2929');
/*!40000 ALTER TABLE `Tbl_Nit_Cliente` ENABLE KEYS */;
UNLOCK TABLES;

--
-- Table structure for table `Tbl_Numero_Cliente`
--

DROP TABLE IF EXISTS `Tbl_Numero_Cliente`;
/*!40101 SET @saved_cs_client     = @@character_set_client */;
/*!50503 SET character_set_client = utf8mb4 */;
CREATE TABLE `Tbl_Numero_Cliente` (
  `Pk_Id_Numero` int NOT NULL,
  `Fk_Id_Cliente` int DEFAULT NULL,
  `Cmp_Telefono_Cliente` varchar(15) DEFAULT NULL,
  PRIMARY KEY (`Pk_Id_Numero`),
  KEY `Fk_Numero_Cliente` (`Fk_Id_Cliente`),
  CONSTRAINT `Fk_Numero_Cliente` FOREIGN KEY (`Fk_Id_Cliente`) REFERENCES `Tbl_Cliente` (`Pk_Id_Cliente`)
) ENGINE=InnoDB DEFAULT CHARSET=utf8mb4 COLLATE=utf8mb4_0900_ai_ci;
/*!40101 SET character_set_client = @saved_cs_client */;

--
-- Dumping data for table `Tbl_Numero_Cliente`
--

LOCK TABLES `Tbl_Numero_Cliente` WRITE;
/*!40000 ALTER TABLE `Tbl_Numero_Cliente` DISABLE KEYS */;
/*!40000 ALTER TABLE `Tbl_Numero_Cliente` ENABLE KEYS */;
UNLOCK TABLES;

--
-- Table structure for table `Tbl_Perfil`
--

DROP TABLE IF EXISTS `Tbl_Perfil`;
/*!40101 SET @saved_cs_client     = @@character_set_client */;
/*!50503 SET character_set_client = utf8mb4 */;
CREATE TABLE `Tbl_Perfil` (
  `Pk_Id_Perfil` int NOT NULL AUTO_INCREMENT,
  `Cmp_Puesto_Perfil` varchar(50) DEFAULT NULL,
  `Cmp_Descripcion_Perfil` varchar(50) DEFAULT NULL,
  `Cmp_Estado_Perfil` bit(1) NOT NULL,
  `Cmp_Tipo_Perfil` int DEFAULT NULL,
  PRIMARY KEY (`Pk_Id_Perfil`)
) ENGINE=InnoDB AUTO_INCREMENT=12 DEFAULT CHARSET=utf8mb4 COLLATE=utf8mb4_0900_ai_ci;
/*!40101 SET character_set_client = @saved_cs_client */;

--
-- Dumping data for table `Tbl_Perfil`
--

LOCK TABLES `Tbl_Perfil` WRITE;
/*!40000 ALTER TABLE `Tbl_Perfil` DISABLE KEYS */;
INSERT INTO `Tbl_Perfil` VALUES (1,'Administrador','Perfil con todos los permisos',_binary '',1),(2,'Contador','Hace cuentas',_binary '\0',1),(4,'Tester','Testea Código',_binary '\0',1),(5,'puesto','Puestea',_binary '\0',1),(7,'Asesor de Markenting','Ver la publicidad',_binary '',1),(10,'Operdores','Perfil digitadores',_binary '',1),(11,'proveedor','provee',_binary '',0);
/*!40000 ALTER TABLE `Tbl_Perfil` ENABLE KEYS */;
UNLOCK TABLES;

--
-- Table structure for table `Tbl_Permiso_Perfil_Aplicacion`
--

DROP TABLE IF EXISTS `Tbl_Permiso_Perfil_Aplicacion`;
/*!40101 SET @saved_cs_client     = @@character_set_client */;
/*!50503 SET character_set_client = utf8mb4 */;
CREATE TABLE `Tbl_Permiso_Perfil_Aplicacion` (
  `Fk_Id_Perfil` int NOT NULL,
  `Fk_Id_Modulo` int NOT NULL,
  `Fk_Id_Aplicacion` int NOT NULL,
  `Cmp_Ingresar_Permisos_Aplicacion_Perfil` bit(1) DEFAULT NULL,
  `Cmp_Consultar_Permisos_Aplicacion_Perfil` bit(1) DEFAULT NULL,
  `Cmp_Modificar_Permisos_Aplicacion_Perfil` bit(1) DEFAULT NULL,
  `Cmp_Eliminar_Permisos_Aplicacion_Perfil` bit(1) DEFAULT NULL,
  `Cmp_Imprimir_Permisos_Aplicacion_Perfil` bit(1) DEFAULT NULL,
  PRIMARY KEY (`Fk_Id_Perfil`,`Fk_Id_Modulo`,`Fk_Id_Aplicacion`),
  KEY `Fk_PermisoPerfil_ModuloAplicacion` (`Fk_Id_Modulo`,`Fk_Id_Aplicacion`),
  CONSTRAINT `Fk_PermisoPerfil` FOREIGN KEY (`Fk_Id_Perfil`) REFERENCES `Tbl_Perfil` (`Pk_Id_Perfil`) ON DELETE RESTRICT ON UPDATE CASCADE,
  CONSTRAINT `Fk_PermisoPerfil_ModuloAplicacion` FOREIGN KEY (`Fk_Id_Modulo`, `Fk_Id_Aplicacion`) REFERENCES `Tbl_Asignacion_Modulo_Aplicacion` (`Fk_Id_Modulo`, `Fk_Id_Aplicacion`) ON DELETE RESTRICT ON UPDATE CASCADE
) ENGINE=InnoDB DEFAULT CHARSET=utf8mb4 COLLATE=utf8mb4_0900_ai_ci;
/*!40101 SET character_set_client = @saved_cs_client */;

--
-- Dumping data for table `Tbl_Permiso_Perfil_Aplicacion`
--

LOCK TABLES `Tbl_Permiso_Perfil_Aplicacion` WRITE;
/*!40000 ALTER TABLE `Tbl_Permiso_Perfil_Aplicacion` DISABLE KEYS */;
INSERT INTO `Tbl_Permiso_Perfil_Aplicacion` VALUES (1,1,10,_binary '\0',_binary '\0',_binary '\0',_binary '\0',_binary '\0'),(1,2,1,_binary '',_binary '',_binary '',_binary '',_binary ''),(1,2,5,_binary '',_binary '\0',_binary '\0',_binary '\0',_binary '\0'),(1,4,301,_binary '',_binary '',_binary '',_binary '',_binary ''),(1,4,309,_binary '\0',_binary '\0',_binary '\0',_binary '\0',_binary '\0'),(4,4,303,_binary '',_binary '',_binary '\0',_binary '\0',_binary '\0'),(7,4,301,_binary '',_binary '\0',_binary '\0',_binary '\0',_binary '\0'),(7,4,304,_binary '\0',_binary '',_binary '',_binary '',_binary ''),(10,4,301,_binary '',_binary '',_binary '',_binary '',_binary ''),(10,4,305,_binary '',_binary '\0',_binary '\0',_binary '\0',_binary '\0'),(11,1,10,_binary '\0',_binary '',_binary '',_binary '\0',_binary '\0');
/*!40000 ALTER TABLE `Tbl_Permiso_Perfil_Aplicacion` ENABLE KEYS */;
UNLOCK TABLES;

--
-- Table structure for table `Tbl_Permiso_Usuario_Aplicacion`
--

DROP TABLE IF EXISTS `Tbl_Permiso_Usuario_Aplicacion`;
/*!40101 SET @saved_cs_client     = @@character_set_client */;
/*!50503 SET character_set_client = utf8mb4 */;
CREATE TABLE `Tbl_Permiso_Usuario_Aplicacion` (
  `Fk_Id_Usuario` int NOT NULL,
  `Fk_Id_Modulo` int NOT NULL,
  `Fk_Id_Aplicacion` int NOT NULL,
  `Cmp_Ingresar_Permiso_Aplicacion_Usuario` bit(1) DEFAULT NULL,
  `Cmp_Consultar_Permiso_Aplicacion_Usuario` bit(1) DEFAULT NULL,
  `Cmp_Modificar_Permiso_Aplicacion_Usuario` bit(1) DEFAULT NULL,
  `Cmp_Eliminar_Permiso_Aplicacion_Usuario` bit(1) DEFAULT NULL,
  `Cmp_Imprimir_Permiso_Aplicacion_Usuario` bit(1) DEFAULT NULL,
  PRIMARY KEY (`Fk_Id_Usuario`,`Fk_Id_Modulo`,`Fk_Id_Aplicacion`),
  KEY `Fk_Permiso_Modulo_Aplicacion` (`Fk_Id_Modulo`,`Fk_Id_Aplicacion`),
  CONSTRAINT `Fk_Permiso_Modulo_Aplicacion` FOREIGN KEY (`Fk_Id_Modulo`, `Fk_Id_Aplicacion`) REFERENCES `Tbl_Asignacion_Modulo_Aplicacion` (`Fk_Id_Modulo`, `Fk_Id_Aplicacion`) ON DELETE RESTRICT ON UPDATE CASCADE,
  CONSTRAINT `Fk_Permiso_Usuario` FOREIGN KEY (`Fk_Id_Usuario`) REFERENCES `Tbl_Usuario` (`Pk_Id_Usuario`)
) ENGINE=InnoDB DEFAULT CHARSET=utf8mb4 COLLATE=utf8mb4_0900_ai_ci;
/*!40101 SET character_set_client = @saved_cs_client */;

--
-- Dumping data for table `Tbl_Permiso_Usuario_Aplicacion`
--

LOCK TABLES `Tbl_Permiso_Usuario_Aplicacion` WRITE;
/*!40000 ALTER TABLE `Tbl_Permiso_Usuario_Aplicacion` DISABLE KEYS */;
INSERT INTO `Tbl_Permiso_Usuario_Aplicacion` VALUES (1,1,10,_binary '',_binary '',_binary '\0',_binary '\0',_binary '\0'),(1,2,1,_binary '\0',_binary '\0',_binary '\0',_binary '\0',_binary '\0'),(2,1,10,_binary '\0',_binary '\0',_binary '\0',_binary '\0',_binary '\0'),(2,4,305,_binary '\0',_binary '',_binary '\0',_binary '\0',_binary '\0'),(4,2,5,_binary '',_binary '',_binary '',_binary '',_binary ''),(4,4,301,_binary '',_binary '',_binary '',_binary '',_binary ''),(4,4,302,_binary '',_binary '',_binary '',_binary '',_binary ''),(4,4,303,_binary '',_binary '',_binary '\0',_binary '\0',_binary '\0'),(4,4,304,_binary '',_binary '',_binary '',_binary '',_binary ''),(4,4,305,_binary '',_binary '',_binary '',_binary '',_binary ''),(4,4,306,_binary '',_binary '',_binary '',_binary '',_binary ''),(4,4,307,_binary '',_binary '',_binary '',_binary '',_binary ''),(4,4,308,_binary '',_binary '',_binary '',_binary '',_binary ''),(5,3,3,_binary '\0',_binary '\0',_binary '\0',_binary '\0',_binary '\0'),(12,4,301,_binary '\0',_binary '\0',_binary '\0',_binary '\0',_binary '\0'),(12,4,302,_binary '',_binary '',_binary '',_binary '',_binary ''),(12,4,303,_binary '',_binary '',_binary '',_binary '',_binary ''),(12,4,304,_binary '\0',_binary '\0',_binary '\0',_binary '\0',_binary '\0'),(12,4,305,_binary '',_binary '',_binary '',_binary '',_binary ''),(12,4,306,_binary '',_binary '',_binary '',_binary '',_binary ''),(12,4,307,_binary '',_binary '',_binary '',_binary '',_binary ''),(12,4,308,_binary '',_binary '',_binary '',_binary '',_binary ''),(15,1,10,_binary '\0',_binary '\0',_binary '\0',_binary '\0',_binary '\0'),(15,4,301,_binary '',_binary '',_binary '',_binary '',_binary ''),(19,1,10,_binary '',_binary '',_binary '',_binary '',_binary '\0'),(21,1,10,_binary '',_binary '\0',_binary '\0',_binary '\0',_binary '\0'),(21,2,5,_binary '',_binary '\0',_binary '\0',_binary '\0',_binary '\0'),(22,4,303,_binary '',_binary '\0',_binary '\0',_binary '\0',_binary '\0'),(23,4,22,_binary '',_binary '',_binary '',_binary '',_binary ''),(23,4,301,_binary '',_binary '',_binary '',_binary '',_binary ''),(23,4,302,_binary '',_binary '',_binary '',_binary '',_binary ''),(23,4,303,_binary '',_binary '',_binary '',_binary '',_binary ''),(23,4,304,_binary '',_binary '',_binary '',_binary '',_binary ''),(23,4,305,_binary '',_binary '',_binary '',_binary '',_binary ''),(23,4,306,_binary '',_binary '',_binary '',_binary '',_binary ''),(23,4,307,_binary '',_binary '',_binary '',_binary '',_binary ''),(23,4,308,_binary '',_binary '',_binary '',_binary '',_binary ''),(23,4,309,_binary '\0',_binary '\0',_binary '\0',_binary '\0',_binary '\0'),(25,2,1,_binary '\0',_binary '\0',_binary '\0',_binary '\0',_binary '\0'),(31,4,301,_binary '',_binary '\0',_binary '\0',_binary '\0',_binary '\0'),(31,4,304,_binary '\0',_binary '',_binary '\0',_binary '\0',_binary '\0'),(32,3,3,_binary '',_binary '\0',_binary '\0',_binary '\0',_binary '\0'),(35,4,301,_binary '\0',_binary '\0',_binary '\0',_binary '\0',_binary '\0'),(35,4,302,_binary '',_binary '\0',_binary '\0',_binary '\0',_binary '\0'),(35,4,306,_binary '\0',_binary '\0',_binary '\0',_binary '\0',_binary '\0'),(36,4,301,_binary '\0',_binary '\0',_binary '\0',_binary '\0',_binary '\0'),(36,4,302,_binary '\0',_binary '\0',_binary '\0',_binary '\0',_binary '\0'),(36,4,303,_binary '\0',_binary '\0',_binary '\0',_binary '\0',_binary '\0'),(36,4,304,_binary '\0',_binary '\0',_binary '\0',_binary '\0',_binary '\0'),(36,4,305,_binary '\0',_binary '\0',_binary '\0',_binary '\0',_binary '\0'),(36,4,306,_binary '\0',_binary '\0',_binary '\0',_binary '\0',_binary '\0'),(36,4,307,_binary '\0',_binary '\0',_binary '\0',_binary '\0',_binary '\0'),(36,4,308,_binary '\0',_binary '\0',_binary '\0',_binary '\0',_binary '\0'),(37,4,305,_binary '\0',_binary '\0',_binary '\0',_binary '\0',_binary '\0'),(40,4,303,_binary '',_binary '\0',_binary '\0',_binary '\0',_binary '\0'),(42,4,301,_binary '',_binary '',_binary '',_binary '\0',_binary '\0'),(43,4,309,_binary '\0',_binary '\0',_binary '\0',_binary '\0',_binary '\0'),(44,4,304,_binary '\0',_binary '\0',_binary '\0',_binary '\0',_binary '\0'),(44,4,308,_binary '',_binary '\0',_binary '\0',_binary '\0',_binary '\0');
/*!40000 ALTER TABLE `Tbl_Permiso_Usuario_Aplicacion` ENABLE KEYS */;
UNLOCK TABLES;

--
-- Table structure for table `Tbl_Reportes`
--

DROP TABLE IF EXISTS `Tbl_Reportes`;
/*!40101 SET @saved_cs_client     = @@character_set_client */;
/*!50503 SET character_set_client = utf8mb4 */;
CREATE TABLE `Tbl_Reportes` (
  `Pk_Id_Reporte` int NOT NULL,
  `Cmp_Titulo_Reporte` varchar(50) DEFAULT NULL,
  `Cmp_Ruta_Reporte` varchar(50) DEFAULT NULL,
  `Cmp_Fecha_Reporte` date DEFAULT NULL,
  PRIMARY KEY (`Pk_Id_Reporte`)
) ENGINE=InnoDB DEFAULT CHARSET=utf8mb4 COLLATE=utf8mb4_0900_ai_ci;
/*!40101 SET character_set_client = @saved_cs_client */;

--
-- Dumping data for table `Tbl_Reportes`
--

LOCK TABLES `Tbl_Reportes` WRITE;
/*!40000 ALTER TABLE `Tbl_Reportes` DISABLE KEYS */;
INSERT INTO `Tbl_Reportes` VALUES (1,'Reporte Inicial','ruta/reporte.pdf','2025-01-01');
/*!40000 ALTER TABLE `Tbl_Reportes` ENABLE KEYS */;
UNLOCK TABLES;

--
-- Table structure for table `Tbl_Salario_Empleado`
--

DROP TABLE IF EXISTS `Tbl_Salario_Empleado`;
/*!40101 SET @saved_cs_client     = @@character_set_client */;
/*!50503 SET character_set_client = utf8mb4 */;
CREATE TABLE `Tbl_Salario_Empleado` (
  `Pk_Id_Salario` int NOT NULL,
  `Fk_Id_Empleado` int DEFAULT NULL,
  `Cmp_Monto_Salario_Empleado` float DEFAULT NULL,
  `Cmp_Fecha_Inicio_Salario_Empleado` datetime DEFAULT NULL,
  `Cmp_Fecha_Fin_Salario_Empleado` datetime DEFAULT NULL,
  `Cmp_Estado_Salario_Empleado` bit(1) DEFAULT NULL,
  PRIMARY KEY (`Pk_Id_Salario`),
  KEY `Fk_Salario_Empleado` (`Fk_Id_Empleado`),
  CONSTRAINT `Fk_Salario_Empleado` FOREIGN KEY (`Fk_Id_Empleado`) REFERENCES `Tbl_Empleado` (`Pk_Id_Empleado`)
) ENGINE=InnoDB DEFAULT CHARSET=utf8mb4 COLLATE=utf8mb4_0900_ai_ci;
/*!40101 SET character_set_client = @saved_cs_client */;

--
-- Dumping data for table `Tbl_Salario_Empleado`
--

LOCK TABLES `Tbl_Salario_Empleado` WRITE;
/*!40000 ALTER TABLE `Tbl_Salario_Empleado` DISABLE KEYS */;
/*!40000 ALTER TABLE `Tbl_Salario_Empleado` ENABLE KEYS */;
UNLOCK TABLES;

--
-- Table structure for table `Tbl_Token_RestaurarContrasena`
--

DROP TABLE IF EXISTS `Tbl_Token_RestaurarContrasena`;
/*!40101 SET @saved_cs_client     = @@character_set_client */;
/*!50503 SET character_set_client = utf8mb4 */;
CREATE TABLE `Tbl_Token_RestaurarContrasena` (
  `Pk_Id_Token` int NOT NULL AUTO_INCREMENT,
  `Fk_Id_Usuario` int DEFAULT NULL,
  `Cmp_Token` varchar(50) DEFAULT NULL,
  `Cmp_Fecha_Creacion_Restaurar_Contrasenea` datetime DEFAULT NULL,
  `Cmp_Expiracion_Restaurar_Contrasenea` datetime DEFAULT NULL,
  `Cmp_Utilizado_Restaurar_Contrasenea` bit(1) DEFAULT NULL,
  `Cmp_Fecha_Uso_Restaurar_Contrasenea` datetime DEFAULT NULL,
  PRIMARY KEY (`Pk_Id_Token`),
  KEY `Fk_Token_Usuario` (`Fk_Id_Usuario`),
  CONSTRAINT `Fk_Token_Usuario` FOREIGN KEY (`Fk_Id_Usuario`) REFERENCES `Tbl_Usuario` (`Pk_Id_Usuario`)
) ENGINE=InnoDB AUTO_INCREMENT=20 DEFAULT CHARSET=utf8mb4 COLLATE=utf8mb4_0900_ai_ci;
/*!40101 SET character_set_client = @saved_cs_client */;

--
-- Dumping data for table `Tbl_Token_RestaurarContrasena`
--

LOCK TABLES `Tbl_Token_RestaurarContrasena` WRITE;
/*!40000 ALTER TABLE `Tbl_Token_RestaurarContrasena` DISABLE KEYS */;
INSERT INTO `Tbl_Token_RestaurarContrasena` VALUES (1,2,'C43C63DA','2025-09-21 18:24:01','2025-09-21 18:29:01',_binary '','2025-09-21 18:24:38'),(2,1,'901DA0A1','2025-09-21 18:31:36','2025-09-21 18:36:36',_binary '','2025-09-21 18:32:15'),(3,1,'990DD530','2025-09-22 10:05:46','2025-09-22 10:10:46',_binary '\0',NULL),(4,1,'39C03B58','2025-09-24 20:53:40','2025-09-24 20:58:40',_binary '','2025-09-24 20:54:05'),(5,1,'21BE635F','2025-09-25 08:36:46','2025-09-25 08:41:46',_binary '','2025-09-25 08:37:06'),(6,7,'28F08413','2025-09-26 19:21:51','2025-09-26 19:26:51',_binary '\0',NULL),(7,24,'314418EF','2025-09-27 10:09:06','2025-09-27 10:14:06',_binary '','2025-09-27 10:09:27'),(8,7,'C30808F1','2025-09-27 12:22:20','2025-09-27 12:27:20',_binary '','2025-09-27 12:22:29'),(9,7,'B1AE042A','2025-09-27 12:22:53','2025-09-27 12:27:53',_binary '','2025-09-27 12:23:00'),(10,7,'183E762C','2025-09-27 12:30:45','2025-09-27 12:35:45',_binary '','2025-09-27 12:31:30'),(11,7,'AB7B8C02','2025-09-27 12:34:27','2025-09-27 12:39:27',_binary '','2025-09-27 12:34:54'),(12,7,'76A7D51E','2025-09-27 17:50:00','2025-09-27 17:55:00',_binary '\0',NULL),(13,7,'F8C4776A','2025-09-27 23:49:38','2025-09-27 23:54:38',_binary '','2025-09-27 23:49:52'),(14,1,'DE59E51C','2025-10-06 22:27:35','2025-10-06 22:32:35',_binary '','2025-10-06 22:27:56'),(15,29,'C577F481','2025-10-08 13:30:21','2025-10-08 13:35:21',_binary '','2025-10-08 13:31:09'),(16,12,'F7A08D82','2025-10-12 08:03:14','2025-10-12 08:08:14',_binary '','2025-10-12 08:03:29'),(17,12,'B1B0EC64','2025-10-12 08:05:58','2025-10-12 08:10:58',_binary '','2025-10-12 08:06:12'),(18,7,'A8806F00','2025-10-12 14:48:07','2025-10-12 14:53:07',_binary '\0',NULL),(19,7,'A02EE0D6','2025-10-12 14:57:40','2025-10-12 15:02:40',_binary '','2025-10-12 14:58:16');
/*!40000 ALTER TABLE `Tbl_Token_RestaurarContrasena` ENABLE KEYS */;
UNLOCK TABLES;

--
-- Table structure for table `Tbl_Usuario`
--

DROP TABLE IF EXISTS `Tbl_Usuario`;
/*!40101 SET @saved_cs_client     = @@character_set_client */;
/*!50503 SET character_set_client = utf8mb4 */;
CREATE TABLE `Tbl_Usuario` (
  `Pk_Id_Usuario` int NOT NULL AUTO_INCREMENT,
  `Fk_Id_Empleado` int DEFAULT NULL,
  `Cmp_Nombre_Usuario` varchar(50) DEFAULT NULL,
  `Cmp_Contrasena_Usuario` varchar(65) DEFAULT NULL,
  `Cmp_Intentos_Fallidos_Usuario` int DEFAULT NULL,
  `Cmp_Estado_Usuario` bit(1) DEFAULT NULL,
  `Cmp_FechaCreacion_Usuario` datetime DEFAULT NULL,
  `Cmp_Ultimo_Cambio_Contrasenea` datetime DEFAULT NULL,
  `Cmp_Pidio_Cambio_Contrasenea` bit(1) DEFAULT NULL,
  PRIMARY KEY (`Pk_Id_Usuario`),
  KEY `Fk_Usuario_Empleado` (`Fk_Id_Empleado`),
  CONSTRAINT `Fk_Usuario_Empleado` FOREIGN KEY (`Fk_Id_Empleado`) REFERENCES `Tbl_Empleado` (`Pk_Id_Empleado`) ON DELETE RESTRICT ON UPDATE RESTRICT
) ENGINE=InnoDB AUTO_INCREMENT=47 DEFAULT CHARSET=utf8mb4 COLLATE=utf8mb4_0900_ai_ci;
/*!40101 SET character_set_client = @saved_cs_client */;

--
-- Dumping data for table `Tbl_Usuario`
--

LOCK TABLES `Tbl_Usuario` WRITE;
/*!40000 ALTER TABLE `Tbl_Usuario` DISABLE KEYS */;
INSERT INTO `Tbl_Usuario` VALUES (1,1,'ricardo','5994471abb01112afcc18159f6cc74b4f511b99806da59b3caf5a9c173cacfc5',0,_binary '','2025-09-21 23:01:04','2025-10-06 22:27:56',_binary '\0'),(2,1,'Cesar','578bfc33d127e864cf010d2fdda8c66c018757829b7e349653760ce5e36c59c6',0,_binary '','2025-09-22 00:17:20','2025-09-21 18:24:37',_binary '\0'),(4,2,'brandon','45297c633d331e6ac35169ebaaf75bc7fafd206ebb59ba4efd80566936e46eb0',0,_binary '','2025-09-21 20:49:54','2025-09-21 20:49:54',_binary '\0'),(5,1,'carlo','91a73fd806ab2c005c13b4dc19130a884e909dea3f72d46e30266fe1a1f588d8',0,_binary '','2025-09-22 08:56:31','2025-09-22 08:56:31',_binary '\0'),(6,2,'conesultas','a665a45920422f9d417e4867efdc4fb8a04a1f3fff1fa07e998e86f7f7a27ae3',0,_binary '','2025-09-22 18:31:34','2025-09-22 18:31:34',_binary '\0'),(7,2,'ruben','07c4b46160c71a2135063b4c47638ce816fc99968dbce0e52faec985bbbb27fd',0,_binary '','2025-09-22 18:37:21','2025-10-12 14:58:16',_binary '\0'),(8,2,'rhm','a665a45920422f9d417e4867efdc4fb8a04a1f3fff1fa07e998e86f7f7a27ae3',0,_binary '','2025-09-22 18:52:45','2025-09-22 18:52:45',_binary '\0'),(9,2,'Juan','ba7816bf8f01cfea414140de5dae2223b00361a396177a9cb410ff61f20015ad',0,_binary '','2025-09-22 20:59:48','2025-09-22 20:59:48',_binary '\0'),(10,1,'prueba','655e786674d9d3e77bc05ed1de37b4b6bc89f788829f9f3c679e7687b410c89b',0,_binary '','2025-09-23 07:42:45','2025-09-23 07:42:45',_binary '\0'),(11,1,'armando','d74ff0ee8da3b9806b18c877dbf29bbde50b5bd8e4dad7a3a725000feb82e8f1',0,_binary '','2025-09-23 22:56:07','2025-09-23 22:56:07',_binary '\0'),(12,11,'administradorCesar','4813494d137e1631bba301d5acab6e7bb7aa74ce1185d456565ef51d737677b2',0,_binary '','2025-10-12 08:04:12','2025-10-12 08:06:12',_binary '\0'),(13,1,'manolo','b2c56341cc2b9f8bf898bd7528dd39e641b51c4fbd51f241b46ad70872dd1b99',0,_binary '','2025-09-24 01:08:13','2025-09-24 01:08:13',_binary '\0'),(14,2,'aa','4fc82b26aecb47d2868c4efbe3581732a3e7cbcc6c2efb32062c08170a05eeb8',0,_binary '','2025-09-24 18:44:59','2025-09-24 18:44:59',_binary '\0'),(15,2,'jeffer','f0d588a225e6e6ba0501a3f787230abf579f6db2dd55be0fa3450f8acd54e6f3',0,_binary '','2025-09-24 21:58:01','2025-09-24 21:58:01',_binary '\0'),(16,2,'Ernesto','4813494d137e1631bba301d5acab6e7bb7aa74ce1185d456565ef51d737677b2',0,_binary '','2025-09-25 07:30:08','2025-09-25 07:30:08',_binary '\0'),(17,1,'esduardo','c0bc1e08f9743b2d50d5f1607503bf4e849af0e729fca896515bea955d70a33e',0,_binary '','2025-09-25 07:58:15','2025-09-25 07:58:15',_binary '\0'),(18,1,'ricardo','a665a45920422f9d417e4867efdc4fb8a04a1f3fff1fa07e998e86f7f7a27ae3',0,_binary '','2025-09-25 08:36:11','2025-09-25 08:36:11',_binary '\0'),(19,1,'aron','5994471abb01112afcc18159f6cc74b4f511b99806da59b3caf5a9c173cacfc5',0,_binary '','2025-09-25 10:30:21','2025-09-25 10:30:21',_binary '\0'),(20,2,'pedro','5994471abb01112afcc18159f6cc74b4f511b99806da59b3caf5a9c173cacfc5',0,_binary '','2025-09-25 10:37:20','2025-09-25 10:37:20',_binary '\0'),(21,2,'juan','a665a45920422f9d417e4867efdc4fb8a04a1f3fff1fa07e998e86f7f7a27ae3',0,_binary '','2025-09-25 15:36:06','2025-09-25 15:36:06',_binary '\0'),(22,3,'pruebas','655e786674d9d3e77bc05ed1de37b4b6bc89f788829f9f3c679e7687b410c89b',0,_binary '','2025-09-26 20:38:57','2025-09-26 20:38:57',_binary '\0'),(23,3,'admin','240be518fabd2724ddb6f04eeb1da5967448d7e831c08c8fa822809f74c720a9',0,_binary '','2025-09-26 20:45:53','2025-09-26 20:45:53',_binary '\0'),(24,4,'Kenph','e3b0c44298fc1c149afbf4c8996fb92427ae41e4649b934ca495991b7852b855',0,_binary '','2025-09-27 09:10:23','2025-09-27 10:09:27',_binary '\0'),(25,4,'Kenph','03ac674216f3e15c761ee1a5e255f067953623c8b388b4459e13f978d7c846f4',0,_binary '','2025-09-27 09:15:22','2025-09-27 09:15:22',_binary '\0'),(26,4,'@123','a665a45920422f9d417e4867efdc4fb8a04a1f3fff1fa07e998e86f7f7a27ae3',0,_binary '','2025-09-27 09:19:55','2025-09-27 09:19:55',_binary '\0'),(27,4,'Kenph','a665a45920422f9d417e4867efdc4fb8a04a1f3fff1fa07e998e86f7f7a27ae3',0,_binary '','2025-09-27 09:42:35','2025-09-27 09:42:35',_binary '\0'),(28,4,'Kenph','a665a45920422f9d417e4867efdc4fb8a04a1f3fff1fa07e998e86f7f7a27ae3',0,_binary '','2025-09-27 09:42:57','2025-09-27 09:42:57',_binary '\0'),(29,8,'Juan Perez','03ac674216f3e15c761ee1a5e255f067953623c8b388b4459e13f978d7c846f4',0,_binary '','2025-09-27 10:08:42','2025-10-08 13:32:02',_binary '\0'),(30,3,'select * from Tbl_empleados;','ed02457b5c41d964dbd2f2a609d63fe1bb7528dbe55e1abf5b52c249cd735797',0,_binary '','2025-09-27 10:51:53','2025-09-27 10:51:53',_binary '\0'),(31,1,'jorge','a665a45920422f9d417e4867efdc4fb8a04a1f3fff1fa07e998e86f7f7a27ae3',0,_binary '','2025-10-07 08:16:42','2025-10-07 08:16:42',_binary '\0'),(32,10,'esquuu','5994471abb01112afcc18159f6cc74b4f511b99806da59b3caf5a9c173cacfc5',0,_binary '','2025-10-07 09:23:11','2025-10-07 09:23:11',_binary '\0'),(33,10,'aesquut','5994471abb01112afcc18159f6cc74b4f511b99806da59b3caf5a9c173cacfc5',0,_binary '','2025-10-07 09:39:40','2025-10-07 09:39:40',_binary '\0'),(34,9,'ersSam','5994471abb01112afcc18159f6cc74b4f511b99806da59b3caf5a9c173cacfc5',0,_binary '','2025-10-07 09:41:47','2025-10-07 09:41:47',_binary '\0'),(35,2,'pancho','a665a45920422f9d417e4867efdc4fb8a04a1f3fff1fa07e998e86f7f7a27ae3',0,_binary '','2025-10-07 23:44:41','2025-10-07 23:44:41',_binary '\0'),(36,1,'adminruben','bf59d6a4564f9f49964ef377f398e35c7da2413e9d792c97dfdbbc9687ce8abc',0,_binary '','2025-10-08 05:48:27','2025-10-08 07:05:26',_binary '\0'),(37,1,'espe','a665a45920422f9d417e4867efdc4fb8a04a1f3fff1fa07e998e86f7f7a27ae3',0,_binary '','2025-10-08 07:24:45','2025-10-08 07:24:45',_binary '\0'),(38,8,'sebastian','5994471abb01112afcc18159f6cc74b4f511b99806da59b3caf5a9c173cacfc5',0,_binary '','2025-10-09 16:11:30','2025-10-09 16:11:30',_binary '\0'),(39,11,'cesarPractica','a665a45920422f9d417e4867efdc4fb8a04a1f3fff1fa07e998e86f7f7a27ae3',0,_binary '','2025-10-10 07:55:58','2025-10-10 07:55:58',_binary '\0'),(40,11,'cesarError','03ac674216f3e15c761ee1a5e255f067953623c8b388b4459e13f978d7c846f4',0,_binary '','2025-10-10 07:57:10','2025-10-10 08:01:48',_binary '\0'),(41,11,'cesarCorrecto','ba7816bf8f01cfea414140de5dae2223b00361a396177a9cb410ff61f20015ad',0,_binary '','2025-10-10 08:14:49','2025-10-10 08:14:49',_binary '\0'),(42,12,'raul','a665a45920422f9d417e4867efdc4fb8a04a1f3fff1fa07e998e86f7f7a27ae3',0,_binary '','2025-10-11 22:42:22','2025-10-11 22:42:22',_binary '\0'),(43,11,'administradorCesas','4813494d137e1631bba301d5acab6e7bb7aa74ce1185d456565ef51d737677b2',0,_binary '','2025-10-12 08:04:53','2025-10-12 08:04:53',_binary '\0'),(44,3,'alexander','a665a45920422f9d417e4867efdc4fb8a04a1f3fff1fa07e998e86f7f7a27ae3',0,_binary '','2025-10-12 14:17:24','2025-10-12 14:17:24',_binary '\0'),(45,3,'rebeca','a665a45920422f9d417e4867efdc4fb8a04a1f3fff1fa07e998e86f7f7a27ae3',0,_binary '','2025-10-12 14:53:21','2025-10-12 14:53:21',_binary '\0'),(46,8,'kkk','b3a8e0e1f9ab1bfe3a36f231f676f78bb30a519d2b21e6c530c0eee8ebb4a5d0',0,_binary '','2025-10-12 15:08:16','2025-10-12 15:08:16',_binary '\0');
/*!40000 ALTER TABLE `Tbl_Usuario` ENABLE KEYS */;
UNLOCK TABLES;

--
-- Table structure for table `Tbl_Usuario_Perfil`
--

DROP TABLE IF EXISTS `Tbl_Usuario_Perfil`;
/*!40101 SET @saved_cs_client     = @@character_set_client */;
/*!50503 SET character_set_client = utf8mb4 */;
CREATE TABLE `Tbl_Usuario_Perfil` (
  `Fk_Id_Usuario` int NOT NULL,
  `Fk_Id_Perfil` int NOT NULL,
  PRIMARY KEY (`Fk_Id_Usuario`,`Fk_Id_Perfil`),
  KEY `Fk_UsuarioPerfil_Perfil` (`Fk_Id_Perfil`),
  CONSTRAINT `Fk_UsuarioPerfil_Perfil` FOREIGN KEY (`Fk_Id_Perfil`) REFERENCES `Tbl_Perfil` (`Pk_Id_Perfil`),
  CONSTRAINT `Fk_UsuarioPerfil_Usuario` FOREIGN KEY (`Fk_Id_Usuario`) REFERENCES `Tbl_Usuario` (`Pk_Id_Usuario`)
) ENGINE=InnoDB DEFAULT CHARSET=utf8mb4 COLLATE=utf8mb4_0900_ai_ci;
/*!40101 SET character_set_client = @saved_cs_client */;

--
-- Dumping data for table `Tbl_Usuario_Perfil`
--

LOCK TABLES `Tbl_Usuario_Perfil` WRITE;
/*!40000 ALTER TABLE `Tbl_Usuario_Perfil` DISABLE KEYS */;
INSERT INTO `Tbl_Usuario_Perfil` VALUES (1,1),(4,1),(5,1),(9,1),(10,1),(12,1),(22,1),(9,2),(4,4),(8,4),(9,4),(12,4),(15,4),(20,4),(9,5),(12,7),(40,10),(41,10),(44,10);
/*!40000 ALTER TABLE `Tbl_Usuario_Perfil` ENABLE KEYS */;
UNLOCK TABLES;
/*!40103 SET TIME_ZONE=@OLD_TIME_ZONE */;

/*!40101 SET SQL_MODE=@OLD_SQL_MODE */;
/*!40014 SET FOREIGN_KEY_CHECKS=@OLD_FOREIGN_KEY_CHECKS */;
/*!40014 SET UNIQUE_CHECKS=@OLD_UNIQUE_CHECKS */;
/*!40101 SET CHARACTER_SET_CLIENT=@OLD_CHARACTER_SET_CLIENT */;
/*!40101 SET CHARACTER_SET_RESULTS=@OLD_CHARACTER_SET_RESULTS */;
/*!40101 SET COLLATION_CONNECTION=@OLD_COLLATION_CONNECTION */;
/*!40111 SET SQL_NOTES=@OLD_SQL_NOTES */;

-- Dump completed on 2025-10-12 23:59:48
